Unique code (year-quad),201421,201422,201423,201424,201425,201426,201431,201432,201433,201434,201435,201436,201441,201442,201443,201444,201445,201446,201521,201522,201523,201524,201525,201526,201527,201531,201532,201533,201534,201535,201536,201541,201542,201543,201544,201545,201546,201621,201622,201623,201624,201625,201626,201631,201632,201633,201634,201635,201636,201641,201642,201643,201644,201645,201646,201721,201722,201723,201724,201725,201726,201731,201732,201733,201734,201735,201736,201741,201742,201743,201744,201745,201746,201751,201752,201753,201754,201755,201756,201821,201822,201823,201824,201825,201826,201831,201832,201833,201834,201835,201836,201841,201842,201843,201844,201845,201846,201851,201852,201853,201854,201855,201856
Agrostis stolonifera,3,0.1,.,.,.,.,2,0.5,0.1,0.1,.,5,0.1,1,10,5,1,2,20,1,0.1,0.1,1,1,2,15,3,10,3,25,15,6,12,12,45,15,15,15,8,0.5,.,4,0.1,25,4,12,8,25,20,5,3,5,35,18,15,15,18,12,8,10,8,20,5,15,10,30,30,20,20,10,20,20,20,.,.,.,.,.,1,20,15,20,12,12,15,15,15,4,5,20,20,20,4,12,18,30,15,1,.,.,.,3,2
Agrostis capillaris,.,.,.,.,.,.,0.1,.,.,.,.,.,.,.,.,.,.,.,.,.,.,.,.,.,.,.,.,.,.,.,.,.,.,.,.,.,.,.,.,.,.,.,.,.,.,.,.,.,.,.,.,.,.,.,.,.,0.1,.,.,.,.,.,0.1,.,.,.,.,.,.,.,.,.,0.1,.,.,.,.,.,.,.,.,.,.,.,.,.,.,.,.,.,.,.,.,.,.,.,.,.,.,.,.,.,.
Aira caryophyllea,.,.,.,.,.,.,.,.,.,.,.,.,.,.,.,.,.,.,.,.,.,.,.,.,.,.,.,.,.,.,.,.,.,.,0.1,.,.,.,.,.,.,.,.,.,.,.,.,.,.,.,.,.,.,.,.,.,.,.,.,.,.,.,.,.,.,.,.,.,.,.,.,.,.,.,.,.,.,.,.,.,.,.,.,.,.,.,.,.,.,.,.,.,.,.,.,.,.,.,.,.,.,.,.
Aira praecox,.,.,.,.,.,.,.,.,.,.,.,.,.,.,.,.,.,.,.,.,.,.,.,.,.,.,.,.,.,.,.,0.1,.,.,.,.,.,.,.,.,.,.,.,.,.,.,.,.,.,.,.,.,.,.,.,.,.,.,.,.,.,.,.,.,0.1,.,.,.,.,.,.,.,.,.,.,.,.,.,.,.,.,.,.,.,.,.,.,.,.,.,.,.,.,.,.,.,.,.,.,.,.,.,.
Ammophila arenaria,.,.,.,.,.,.,.,.,.,.,.,.,.,.,.,.,.,.,.,.,.,.,.,.,.,.,.,.,.,.,.,.,.,.,.,.,.,.,.,.,.,.,.,.,.,.,.,.,.,.,.,.,.,.,.,.,.,.,.,.,.,.,.,.,.,.,.,.,.,.,.,.,.,1,2,.,0.1,.,2,.,.,.,.,.,.,.,.,.,.,.,.,.,.,.,.,.,.,2,3,.,.,.,3
Anagallis arvensis,.,.,.,.,.,.,.,.,.,.,.,.,.,.,.,.,.,.,.,.,.,.,.,0.1,.,.,.,.,.,.,.,1,.,.,.,.,.,.,.,.,.,.,.,.,.,.,.,.,.,.,.,.,.,.,.,0.1,0.1,.,0.1,0.1,0.1,0.1,0.1,.,.,.,.,.,.,.,.,.,.,.,0.1,.,.,0.5,0.1,0.5,.,.,.,0.1,0.1,0.1,.,.,.,.,0.1,.,.,.,.,.,.,.,0.1,0.1,0.1,.,0.5
Anagallis tenella,0.1,0.1,.,.,.,.,.,.,.,.,.,0.1,.,.,0.5,.,.,.,3,2,.,.,.,.,0.1,.,.,.,.,1,1,0.1,.,1,0.1,.,.,2,1,.,.,.,.,.,.,.,.,0.1,0.1,0.1,.,5,0.1,.,0.1,6,2,.,0.5,.,.,.,.,.,.,4,3,0.5,0.1,3,1,0.1,0.1,.,.,.,.,.,.,1,1,0.1,4,0.1,.,0.1,.,.,.,0.1,1,1,.,5,0.1,0.1,.,.,.,.,.,0.1,.
Anthoxanthum odoratum,.,.,.,.,.,.,.,.,.,.,.,.,.,.,.,.,.,.,1,.,.,.,.,.,5,.,.,.,.,.,.,.,0.1,.,.,.,.,.,.,.,.,.,.,.,.,.,.,.,.,.,.,.,.,.,.,.,.,.,.,.,.,.,0.1,.,.,.,0.1,.,.,.,.,.,.,.,.,.,.,.,.,.,.,.,.,.,.,.,.,.,.,.,.,.,.,.,.,.,.,.,.,.,.,.,.
Anthyllis vulneraria,.,.,.,.,.,.,.,.,.,.,.,.,.,.,.,.,.,.,.,.,.,.,.,0.1,0.1,.,.,.,.,.,0.1,0.1,0.1,.,.,.,.,.,0.1,.,.,.,.,.,.,.,.,.,.,.,.,.,.,.,.,.,0.1,.,.,0.1,0.1,0.5,0.1,0.1,0.1,.,2,0.5,1,0.1,1,0.1,0.1,0.1,.,.,.,0.5,.,0.1,.,.,.,.,.,0.1,.,0.1,.,.,.,2,1,0.1,0.1,.,0.1,.,.,.,.,.,.
Arenaria serpyllifolia,.,.,.,.,.,.,.,.,.,.,.,.,.,.,.,.,.,.,0.1,.,.,.,.,.,.,.,.,.,.,.,.,.,.,.,.,.,.,.,.,.,.,.,.,.,.,.,.,.,.,.,.,.,.,.,0.1,.,.,.,.,.,.,.,.,.,.,.,.,0.1,.,0.1,.,0.5,0.1,.,.,.,.,.,.,0.1,0.1,.,.,0.1,.,.,.,.,.,0.1,.,.,.,.,.,.,.,.,.,.,.,.,.
Bellis perennis,.,.,.,.,.,.,.,.,.,.,.,.,.,.,.,.,.,.,.,.,.,.,.,.,.,.,.,.,.,.,.,.,.,.,.,.,.,.,.,.,.,.,.,.,.,.,.,.,.,.,.,.,.,.,.,.,.,.,.,.,.,.,.,.,.,.,.,.,.,.,.,.,.,.,.,.,.,.,.,.,.,.,.,.,.,.,.,.,.,.,.,.,.,.,.,1,.,.,.,.,.,.,.
Briza media,.,.,.,.,.,.,.,.,.,.,.,.,.,.,.,.,.,.,.,.,.,.,.,.,0.1,.,.,.,.,.,.,.,.,.,.,.,.,.,.,.,.,.,.,.,.,.,.,.,.,.,.,.,.,.,.,.,.,.,.,.,.,.,.,.,.,.,.,.,.,.,.,.,.,.,.,.,.,.,.,.,.,.,.,.,.,.,.,.,.,.,.,.,.,.,.,.,.,.,.,.,.,.,.
Cardamine flexuosa,.,.,.,.,.,.,.,.,.,.,.,.,.,.,.,.,.,.,.,.,.,.,.,.,.,.,.,.,.,.,.,.,.,.,0.1,0.1,.,.,.,.,.,.,.,.,.,.,.,.,.,.,.,.,.,.,0.1,.,.,.,.,.,.,.,.,.,.,.,.,.,.,.,.,.,.,.,.,.,.,.,.,.,.,.,.,.,.,.,.,.,.,.,.,.,.,.,.,.,.,.,.,.,.,.,.
Cardamine hirsuta,.,.,.,.,.,.,.,.,.,.,.,.,.,.,.,.,.,.,.,.,.,.,.,.,.,.,.,.,.,.,.,.,.,.,.,.,.,.,.,.,.,.,.,.,.,.,.,.,.,.,.,.,.,.,.,.,.,.,.,.,.,.,.,.,.,.,.,.,.,.,.,.,.,.,.,.,.,.,.,.,.,.,.,.,.,.,.,.,.,.,.,.,.,0.1,.,0.1,.,.,.,.,.,.,.
Cardamine pratensis,.,.,.,.,.,.,.,.,.,.,.,.,.,.,.,0.1,0.1,0.1,.,.,.,.,.,.,.,.,.,.,.,.,.,.,.,.,.,.,.,.,.,.,.,.,.,.,.,.,.,.,.,.,.,.,.,.,.,.,.,.,.,.,.,.,.,.,.,.,.,.,.,.,.,0.1,.,.,.,.,.,.,.,.,.,.,.,.,.,.,.,.,.,.,.,.,.,.,.,.,.,.,.,.,.,.,.
Cardamine sp.,.,.,.,.,.,.,.,.,.,.,.,.,.,.,.,.,.,.,.,.,.,.,.,.,.,.,.,.,.,.,.,.,.,.,.,.,.,.,.,.,.,.,.,.,.,.,.,.,.,.,.,.,0.1,.,.,.,.,.,.,.,.,.,.,.,.,.,.,.,.,.,.,.,.,.,.,.,.,.,.,.,.,.,.,.,.,.,.,.,.,.,.,.,.,.,.,.,.,.,.,.,.,.,.
Carex arenaria,.,.,.,.,.,.,.,.,0.1,0.1,0.1,.,0.1,.,0.1,0.1,.,.,.,.,0.1,.,.,.,2,.,.,5,.,.,.,.,.,.,.,.,.,0.1,0.1,0.1,.,.,.,.,.,12,.,0.1,.,0.1,0.5,1,1,0.1,0.1,0.1,.,0.5,.,1,.,.,.,5,.,.,.,.,2,.,0.1,.,1,.,2,.,0.5,.,.,1,0.5,0.1,.,1,.,.,.,22,.,.,.,1,2,.,.,.,0.1,.,.,.,2,.,.
Carex demissa,.,0.1,.,.,.,.,.,.,.,.,.,0.1,.,0.1,0.1,2,1,1,.,.,.,.,.,.,.,.,.,.,.,.,.,.,.,.,.,.,.,.,.,.,.,.,.,.,.,.,.,.,1,.,.,.,.,.,0.5,.,6,.,0.1,0.1,.,.,.,.,.,.,.,.,.,.,.,.,.,.,.,.,.,.,.,.,.,0.5,1,.,.,.,.,.,.,0.1,.,.,.,.,0.5,0.1,0.5,.,.,.,.,.,.
Carex flacca,0.1,.,.,.,0.1,0.1,.,.,.,.,0.1,0.1,.,1,1,0.5,1,3,.,1,.,.,1,0.1,18,0.1,.,1,0.1,4,1,0.1,15,8,8,1,10,1,0.1,.,0.1,1,0.1,1,.,.,0.1,10,15,0.5,18,25,6,15,15,2,3,.,1,2,0.1,0.5,0.1,.,0.1,12,5,2,18,15,20,30,15,.,0.1,0.1,.,.,.,5,8,0.1,6,2,.,6,0.5,.,0.1,15,20,3,15,20,20,15,20,.,2,.,.,2,.
Carex hirta,.,.,.,.,.,.,.,.,.,.,.,.,.,.,.,.,.,.,.,.,.,.,.,.,.,.,.,.,.,.,.,.,.,.,.,.,.,.,.,.,.,.,.,.,.,.,.,.,.,.,.,.,.,.,0.1,.,.,.,.,.,.,.,.,.,.,.,.,.,.,0.1,1,.,0.5,.,.,.,.,.,.,.,.,.,.,.,.,.,.,.,.,.,.,.,.,.,.,.,.,.,.,.,.,.,.
Carex lasiocarpa,.,.,.,.,.,.,.,.,.,.,.,.,.,.,.,.,.,.,.,.,.,.,.,.,.,.,.,.,.,.,.,.,.,.,0.1,0.1,0.1,.,.,.,.,.,.,.,.,.,.,.,.,.,.,.,.,.,.,.,.,.,.,.,.,.,.,.,.,.,.,.,.,.,.,.,.,.,.,.,.,.,.,.,.,.,.,.,.,.,.,.,.,.,.,.,.,.,.,.,.,.,.,.,.,.,.
Carex panicea,.,.,.,.,.,.,.,.,.,.,.,.,.,.,.,.,.,.,.,.,.,.,.,.,.,.,.,.,.,.,.,.,.,.,.,.,.,.,.,.,.,.,.,.,.,.,.,.,.,.,.,.,.,.,.,2,0.1,.,.,.,.,0.1,.,.,.,.,.,0.5,.,.,.,0.1,.,.,.,.,.,.,.,.,.,.,.,.,.,.,.,.,.,.,.,.,.,2,20,20,0.1,.,.,.,.,.,.
Carex serotina,.,.,.,.,.,.,.,.,.,.,.,.,.,.,.,.,.,.,0.1,0.1,.,.,.,.,.,0.1,.,.,.,1,1,1,0.1,1,2,1,1,4,0.1,.,.,0.1,.,0.1,.,.,.,3,.,0.1,0.1,1,5,0.1,.,8,0.1,.,.,1,.,0.1,.,.,0.1,5,2,0.5,.,3,10,0.5,0.5,.,.,.,.,.,.,10,12,.,0.1,1,0.1,.,.,0.1,.,2,3,0.5,.,6,3,0.5,1,.,.,.,.,.,.
Centaurea nigra,.,.,.,.,.,.,.,.,.,.,.,.,.,.,.,.,.,.,.,.,.,.,.,.,.,.,.,.,.,.,.,.,.,.,.,.,.,.,.,.,.,.,.,.,.,.,.,.,.,.,.,0.5,.,.,.,.,.,.,.,.,.,.,.,.,.,.,.,.,.,.,.,.,.,.,.,.,.,.,.,.,.,.,.,.,.,.,.,.,.,.,.,0.1,.,.,.,.,.,.,.,.,.,.,.
Centaurium erythraea,.,.,.,.,.,.,.,.,.,.,.,.,.,.,.,.,.,.,.,.,.,.,.,.,.,.,.,.,.,0.1,.,.,.,.,.,.,.,.,.,.,.,.,.,.,.,.,.,.,.,.,0.1,.,.,.,.,.,0.5,.,.,.,0.1,0.1,.,0.1,0.1,0.1,.,.,0.1,.,.,0.5,.,.,0.1,.,.,0.1,.,.,.,.,.,.,.,.,.,.,.,.,.,.,.,.,.,0.1,.,.,.,.,.,.,.
Centaurium littorale,0.1,.,.,.,.,.,0.1,.,.,.,0.1,0.1,0.1,0.1,.,.,.,.,0.1,.,.,.,0.1,0.1,.,0.1,0.1,.,.,0.1,1,0.1,0.1,.,0.1,0.1,1,0.1,.,.,.,.,.,0.1,0.1,.,.,.,0.1,0.1,.,.,0.1,.,0.1,0.5,0.1,.,0.1,0.1,0.1,0.1,0.1,0.5,0.1,.,0.1,0.1,0.1,0.1,.,0.1,1,.,.,.,.,.,0.1,3,0.1,.,.,0.1,0.1,0.1,0.5,0.5,0.1,0.1,0.5,1,0.5,0.1,0.1,0.1,1,0.1,.,0.1,.,1,1
Cerastium fontanum,.,.,.,.,.,.,.,.,.,.,.,.,.,.,.,.,.,.,.,.,.,.,.,.,.,.,.,.,0.1,.,.,0.1,.,.,.,0.1,0.1,.,.,.,.,.,.,.,.,.,.,.,.,.,.,.,.,.,.,.,.,.,.,0.1,.,.,0.1,.,.,.,.,.,.,.,.,0.1,.,.,.,.,.,.,.,.,.,.,.,.,.,.,.,.,.,.,.,.,.,.,0.1,.,.,.,.,.,.,.,.
Chamerion angustifolium,.,.,.,.,.,.,.,.,.,.,.,.,.,.,.,.,.,.,.,.,.,.,.,.,.,.,.,.,.,.,.,.,.,.,.,.,.,.,.,.,.,.,.,.,.,.,.,.,.,.,.,.,.,.,.,.,.,.,.,.,0.1,.,.,.,.,.,.,.,.,.,.,.,.,.,.,.,.,.,.,.,.,.,.,.,.,.,.,.,.,.,.,.,.,.,.,.,.,.,.,.,.,.,.
Cirsium arvense,.,.,.,.,.,.,.,.,.,.,.,.,.,.,.,0.1,.,.,.,.,.,.,.,.,.,.,.,.,.,.,.,.,.,.,0.1,1,.,.,.,.,.,.,.,.,.,.,.,.,.,.,.,.,.,.,.,.,.,.,.,.,.,.,.,.,.,.,.,.,.,.,.,.,.,.,.,.,.,0.1,.,.,.,.,.,.,.,.,.,.,.,.,.,.,.,.,.,.,.,.,.,.,.,0.5,.
Crepis capillaris,.,.,.,.,.,.,.,.,.,.,.,.,.,.,.,.,.,.,.,.,.,.,.,0.1,.,0.1,.,0.1,0.1,1,2,.,1,0.1,1,1,0.1,.,.,.,.,.,.,.,.,.,.,.,.,.,.,.,.,.,.,.,.,.,.,.,.,.,.,.,.,.,.,.,.,.,.,.,.,.,.,.,.,.,.,.,.,.,.,.,.,.,.,.,.,.,.,.,.,.,.,.,.,.,.,.,.,.,.
Dactylorhiza purpurella,.,.,.,.,.,.,.,.,.,.,.,.,.,.,.,.,.,.,.,.,.,.,.,.,.,.,.,.,.,.,.,.,.,.,.,.,.,.,.,.,.,.,.,.,.,.,.,.,.,.,.,.,.,.,.,0.1,.,.,.,.,.,.,.,.,.,.,.,.,.,.,.,0.1,.,.,.,.,.,.,.,.,.,.,.,.,.,.,.,.,.,.,.,.,.,.,.,.,.,.,.,.,.,.,.
Dactylorhiza sp.,.,.,.,.,.,.,.,.,.,.,.,.,.,.,.,.,.,.,.,.,.,.,.,.,.,.,.,.,.,.,.,.,.,.,.,.,.,.,.,.,.,.,.,.,.,.,.,.,.,.,.,.,.,.,.,.,.,.,.,.,.,.,.,.,.,.,.,.,.,.,.,.,.,.,.,.,.,.,.,.,.,.,.,.,.,.,.,0.1,.,0.1,.,0.1,0.1,0.1,.,0.1,.,.,.,.,.,.,.
Daucus carota,.,.,.,.,.,.,.,.,.,.,.,.,.,.,.,.,.,.,.,.,.,.,.,.,.,.,.,.,.,.,.,.,.,.,.,.,.,.,.,.,.,.,.,.,.,.,.,.,.,.,.,.,.,.,.,.,.,.,.,.,.,.,.,.,.,.,0.1,.,.,.,.,.,.,.,.,.,.,.,.,.,.,.,.,.,.,.,.,.,.,.,.,.,0.1,.,.,.,.,.,.,.,.,.,.
Eleocharis acicularis,.,.,.,.,.,.,.,.,.,.,.,.,.,.,.,.,.,.,.,.,.,.,.,.,.,.,.,.,.,.,.,.,.,.,.,.,.,.,.,.,.,.,.,.,.,.,.,.,.,.,.,.,.,.,.,.,.,.,.,.,.,.,.,.,.,.,.,.,.,.,.,.,.,.,.,.,.,.,.,.,.,.,0.5,.,.,0.1,.,.,.,.,.,.,.,10,.,.,.,.,.,.,.,.,.
Eleocharis quinqueflora,.,.,.,.,.,.,.,.,.,.,.,.,.,.,.,.,.,.,.,.,.,.,.,.,.,.,.,.,.,.,.,.,.,.,.,.,.,.,.,.,.,.,.,.,.,.,.,.,.,.,.,.,.,.,.,.,.,.,.,.,.,.,.,.,.,.,.,.,.,5,.,.,.,.,.,.,.,.,.,.,.,.,.,.,.,.,.,.,.,.,.,.,.,.,.,.,.,.,.,.,.,.,.
Eleocharis uniglumis,.,.,.,.,.,.,.,.,.,.,.,.,.,.,.,.,.,.,.,.,.,.,.,.,.,.,.,.,.,.,.,.,.,.,.,.,.,.,.,.,.,.,.,.,.,.,.,.,.,.,.,.,.,.,.,.,.,.,.,.,.,.,.,.,.,.,.,.,.,.,.,.,.,.,.,.,.,.,.,.,.,.,.,.,.,.,.,.,.,.,.,.,.,.,0.1,.,.,.,.,.,.,.,.
Epilobium parviflorum,.,.,.,.,.,.,.,.,.,.,.,.,.,.,.,.,.,.,.,.,.,.,.,.,.,.,.,.,.,.,.,.,.,.,.,.,.,.,.,.,.,.,.,.,.,.,.,.,.,.,.,.,.,.,.,.,0.1,.,.,.,.,.,.,.,.,.,.,.,.,.,.,.,.,.,.,.,.,.,.,.,.,.,.,.,.,.,.,.,.,.,.,.,.,.,.,.,.,.,.,.,.,.,.
Epipactis palustris,.,.,.,.,.,.,.,.,.,.,.,.,.,.,.,0.1,.,.,.,.,.,.,.,.,0.1,.,.,.,.,.,.,.,.,.,0.1,0.1,.,.,.,.,.,.,.,.,.,.,.,.,.,.,.,.,0.5,.,.,.,.,.,.,.,.,.,.,.,.,.,.,.,.,.,0.1,.,0.1,.,.,.,.,.,.,.,.,.,.,.,.,.,.,.,.,.,.,.,.,.,0.1,0.1,.,.,.,.,.,.,.
Equisetum palustre,.,.,.,.,.,.,.,.,.,.,.,.,.,.,.,.,.,.,.,.,.,.,.,.,.,.,.,.,.,.,.,.,.,.,.,1,.,.,.,.,.,.,.,.,.,.,.,.,.,.,.,.,.,1,.,.,.,.,.,.,.,.,.,.,.,.,.,.,.,.,.,0.1,.,.,.,.,.,.,.,.,.,.,.,.,.,.,.,.,.,.,.,.,.,.,.,0.1,.,.,.,.,.,.,.
Equisetum variegatum,0.1,0.1,.,.,.,0.1,3,.,.,.,.,.,.,0.1,.,0.1,.,.,1,.,.,.,0.1,0.1,2,5,.,0.1,0.1,1,0.1,0.1,0.1,0.1,1,2,0.1,0.1,.,.,.,1,0.1,15,.,0.1,0.1,0.1,0.1,0.1,0.5,1,0.5,1,0.1,1,0.5,0.1,0.1,2,0.5,15,0.1,1,1,3,1,0.5,1,1,0.1,0.5,2,.,0.1,1,.,0.5,.,5,2,4,1,8,1,10,.,3,0.5,3,2,5,2,0.5,0.1,0.1,0.5,.,14,0.5,.,1,.
Erodium cicutarium,.,.,.,.,.,.,.,.,.,.,.,.,.,.,.,.,.,.,.,.,.,.,.,0.1,.,.,.,.,.,.,.,.,.,.,.,.,.,.,.,.,.,.,.,.,.,.,.,.,.,.,.,.,.,.,.,.,.,.,.,.,.,.,.,.,.,.,.,.,.,.,.,.,.,.,.,.,.,.,.,.,.,.,.,.,.,.,.,.,.,.,.,.,.,.,.,.,.,.,.,.,.,.,.
Euphorbia portlandica,.,.,.,.,.,.,.,.,.,.,.,.,.,.,.,.,.,.,.,.,.,.,.,.,.,.,.,.,.,.,.,.,.,.,.,.,.,.,.,.,.,.,.,.,.,.,.,.,.,.,.,.,.,.,.,0.1,0.1,.,.,.,.,.,.,.,.,.,.,.,.,.,.,.,.,.,.,.,.,.,.,.,.,.,.,.,.,.,.,.,.,.,.,.,.,.,.,.,.,.,.,.,.,.,.
Euphrasia officinalis agg,.,.,.,.,.,.,.,.,.,.,.,.,.,.,.,.,.,.,0.1,.,.,.,0.1,.,2,0.1,.,.,.,0.1,0.1,.,.,.,0.1,2,1,.,.,.,.,.,.,0.1,.,.,.,.,.,.,0.1,.,0.1,.,0.1,1,0.1,.,.,0.5,.,1,.,0.1,.,0.1,0.1,3,0.1,0.5,0.1,2,0.5,.,.,.,.,.,.,0.5,0.1,.,.,0.1,.,1,.,0.1,.,0.1,.,10,1,0.5,3,3,0.1,.,.,.,.,.,.
Festuca pratensis,0.1,.,.,.,.,.,0.5,.,.,0.1,.,.,.,.,.,.,.,.,.,.,.,.,.,.,.,.,.,.,.,.,.,.,.,.,.,.,.,.,.,.,.,.,.,.,.,.,.,.,.,.,.,.,.,.,.,.,.,.,.,.,.,.,.,.,.,.,.,.,.,.,.,.,.,.,.,.,.,.,.,.,.,.,.,.,.,.,.,.,.,.,.,.,.,.,.,.,.,.,.,.,.,.,.
Festuca rubra,.,.,.,.,.,.,.,.,.,.,.,.,.,.,.,.,.,.,1,.,.,.,.,0.1,20,1,.,.,1,.,.,.,0.1,.,.,.,.,0.1,.,.,.,.,.,.,.,.,0.5,.,.,.,.,.,.,.,.,0.1,0.1,.,.,0.1,.,3,.,0.1,0.1,.,0.1,.,.,.,0.1,.,.,0.1,0.1,0.1,.,.,0.5,5,.,.,.,.,0.1,1,0.1,1,1,1,.,.,.,0.1,.,0.1,0.1,1,3,1,.,2,0.5
Galium palustre,.,.,.,.,.,.,.,.,.,.,.,.,.,.,0.1,40,3,5,.,.,.,.,.,.,.,.,.,.,.,.,.,.,.,.,0.1,0.1,.,.,.,.,.,.,.,.,.,.,.,.,.,.,.,.,1,1,0.1,.,.,.,.,.,.,.,.,.,.,.,.,.,.,.,.,0.1,.,.,.,.,.,.,.,.,.,.,.,.,.,.,.,.,.,.,.,.,.,.,.,.,.,.,.,.,.,.,.
Galium verum,.,.,.,.,.,.,.,.,.,.,.,.,.,.,.,.,.,.,.,.,.,.,.,.,.,.,.,.,.,.,.,.,.,.,.,0.1,.,.,.,.,.,.,.,.,.,.,.,.,.,.,.,.,.,.,.,.,0.1,.,.,.,.,.,.,0.1,.,.,.,.,.,.,.,.,.,.,.,.,.,.,.,.,.,.,.,.,.,.,.,.,.,.,.,.,.,.,.,.,.,.,.,.,.,.,.
Gentianella campestris,.,.,.,.,.,.,.,.,.,.,.,.,.,.,.,.,.,.,.,.,.,.,.,.,.,.,.,.,.,.,.,.,.,.,.,.,.,.,.,.,.,.,.,.,.,.,.,.,.,.,.,.,.,.,.,.,.,.,.,.,.,.,.,.,.,0.1,0.1,.,.,.,.,.,.,.,.,.,.,.,.,.,.,.,.,.,.,.,.,.,.,.,.,.,.,.,.,.,.,.,.,.,.,.,.
Filaginella uliginosa,.,.,.,.,.,.,.,.,.,.,.,.,.,.,.,.,0.1,.,.,.,.,.,.,.,.,.,.,.,.,.,.,.,.,.,.,.,.,.,.,.,.,.,.,.,.,.,.,.,.,.,.,.,.,.,.,.,.,.,.,.,.,.,.,.,.,.,.,.,.,.,.,.,.,.,.,.,.,.,.,.,.,.,.,.,.,.,.,.,.,.,.,.,.,.,.,.,.,.,.,.,.,.,.
Avenula pubescens,.,.,.,.,.,.,.,.,.,.,.,.,.,.,.,.,.,.,.,.,.,.,.,.,.,.,.,.,.,.,.,.,.,.,.,.,.,.,.,.,.,.,.,.,.,.,.,.,.,.,.,.,.,.,.,.,.,.,.,.,.,.,.,.,.,.,.,.,.,0.1,.,.,.,.,.,.,.,.,.,.,.,.,.,.,.,.,.,.,.,.,.,.,.,.,.,.,.,.,.,.,.,.,.
Hieracium sp,.,.,.,.,.,.,.,.,.,.,.,.,.,.,.,.,.,.,.,.,.,.,.,.,.,.,.,.,.,.,.,.,.,.,.,.,.,.,.,.,.,.,.,.,.,.,.,.,.,.,.,.,.,.,.,.,.,.,.,.,.,.,.,0.1,.,.,.,.,.,.,.,.,0.1,.,.,.,.,.,.,.,.,.,.,.,.,.,.,.,.,.,.,.,.,.,.,0.1,.,.,.,.,.,.,.
Holcus lanatus,0.1,.,.,.,.,.,0.1,.,.,0.1,.,.,.,0.1,0.1,.,.,0.1,0.1,.,.,.,.,.,2,0.1,0.1,.,.,0.1,0.1,.,1,.,1,0.1,1,.,.,.,.,.,.,0.1,.,0.1,0.1,.,.,.,.,.,.,.,.,.,.,.,.,.,0.1,0.1,.,0.1,0.5,.,0.1,.,0.1,.,.,.,.,.,0.1,.,.,0.5,.,.,.,.,.,.,.,0.1,.,0.1,.,.,.,.,.,.,0.5,0.1,0.1,.,1,.,1,2,.
Hydrocotyle vulgaris,0.1,0.1,.,.,.,.,0.1,.,.,.,.,0.1,0.5,0.1,1,10,5,.,1,0.1,.,.,.,.,1,0.1,.,.,.,0.1,0.1,8,0.1,0.1,12,25,0.1,.,0.1,.,.,.,.,0.1,.,.,.,0.1,0.1,2,3,2,10,20,0.1,0.5,.,.,.,.,.,.,.,.,.,0.5,0.1,0.5,0.1,0.5,15,3,0.1,.,.,.,.,.,.,0.5,0.1,0.1,.,.,.,0.1,.,.,.,0.1,0.1,1,0.5,0.5,10,.,.,.,.,.,.,.,.
Hypericum tetrapterum,.,.,.,.,.,.,.,.,.,.,.,.,.,.,.,.,.,.,.,.,.,.,.,.,.,.,.,.,.,.,.,.,.,.,.,0.1,.,.,.,.,.,.,.,.,.,.,.,.,.,.,.,.,.,.,.,.,.,.,.,.,.,.,.,.,.,.,.,.,.,.,.,.,.,.,.,.,.,.,.,.,.,.,.,.,.,.,.,.,.,.,.,.,.,.,.,.,.,.,.,.,.,.,.
Hypochoeris radicata,0.1,0.1,.,.,.,.,.,.,.,.,0.1,.,.,.,.,.,.,.,1,0.1,.,.,0.1,.,.,0.1,.,0.1,.,0.1,0.1,0.1,.,.,.,.,.,0.1,.,.,.,0.1,.,.,.,0.1,.,.,0.1,.,.,.,.,.,.,0.5,0.1,.,0.1,0.5,.,0.1,0.1,1,0.5,.,0.1,1,1,0.1,.,1,.,.,0.1,0.1,.,.,.,1,.,.,.,0.5,.,.,.,2,0.5,.,0.1,.,0.5,0.1,.,0.1,.,.,1,.,.,0.1,0.5
Juncus articulatus,2,10,2,3,0.1,0.1,0.5,.,8,3,15,3,4,8,5,1,15,2,12,26,15,30,12,1,0.1,6,.,15,10,20,10,20,10,6,4,10,1,8,30,20,25,6,2,6,0.1,20,8,25,15,20,18,6,6,12,5,8,4,6,15,8,3,3,0.5,20,6,6,3,8,12,5,5,2,2,.,6,3,.,10,2,6,10,10,10,6,6,.,2,15,8,10,6,5,6,12,0.5,1,4,0.1,5,4,.,15,6
Juncus bufonius,0.1,.,2,1,0.1,0.1,0.1,.,7,0.1,.,.,0.1,0.5,0.1,3,10,2,.,.,0.1,1,.,.,.,0.1,0.1,.,.,.,0.1,.,.,.,.,.,.,.,.,.,.,0.1,.,0.1,.,0.1,0.1,0.1,.,.,0.1,0.1,.,0.1,.,.,.,.,.,.,.,.,.,.,.,.,.,.,.,.,.,.,.,.,.,.,.,.,.,.,.,.,.,.,.,.,.,.,.,.,.,.,.,.,.,.,.,.,.,.,.,.,.
Juncus effusus,.,.,.,.,.,.,.,.,.,.,.,.,.,.,.,.,.,.,.,.,.,.,.,.,.,.,.,.,.,.,.,.,.,.,.,.,.,.,.,.,.,.,.,.,.,.,.,.,.,.,.,.,.,.,.,.,.,.,.,.,.,.,.,.,.,.,.,.,.,.,.,.,.,.,.,.,.,.,.,.,.,.,.,.,.,.,.,.,.,0.1,.,.,.,.,.,.,.,.,.,.,.,.,.
Leontodon autumnalis,.,0.1,.,.,.,.,0.1,.,.,.,.,.,.,0.1,.,0.1,.,0.1,.,.,.,.,.,.,.,0.1,.,.,.,.,.,.,.,.,.,.,.,0.1,.,.,.,.,.,.,.,.,.,0.1,.,.,0.1,0.1,0.1,0.1,0.1,0.1,0.1,0.1,.,.,.,0.1,0.1,0.1,.,.,0.1,0.5,0.1,1,0.1,0.5,1,.,.,.,.,0.1,.,1,1,.,0.1,0.1,.,0.1,0.5,0.5,0.1,0.1,0.5,0.5,0.1,0.1,.,0.1,0.1,.,.,.,.,.,.
Leontodon hispidus,.,.,.,.,.,0.1,.,.,.,.,.,.,.,.,.,.,0.1,.,.,.,.,.,.,.,.,.,.,.,.,.,.,.,.,.,.,.,.,.,.,.,.,.,.,.,.,.,.,.,.,0.1,.,.,.,.,0.1,.,.,.,.,.,.,.,.,.,.,.,.,.,.,.,.,.,.,.,.,.,.,.,.,.,.,.,.,.,.,.,.,.,.,.,.,.,.,.,.,.,.,.,.,.,.,.,.
Leontodon taraxacoides,0.1,.,.,.,.,.,0.1,.,.,0.1,.,0.1,.,.,.,.,.,.,0.1,0.1,.,.,.,1,0.1,1,0.1,0.1,0.1,0.1,1,0.1,0.1,1,0.1,0.1,.,0.1,0.1,0.1,0.1,0.1,0.5,0.1,0.1,0.1,0.1,0.1,0.5,.,0.5,0.5,1,1,.,1,2,0.1,1,0.1,3,0.1,0.5,10,1,1,3,0.1,2,5,3,0.1,0.5,.,.,.,.,0.1,0.1,1,6,1,2,0.1,1,0.5,2,10,2,1,10,0.1,4,0.5,0.1,0.1,0.1,.,.,0.1,.,.,.
Linum catharticum,.,.,.,.,.,.,.,.,.,.,.,.,.,.,.,.,.,.,.,.,.,.,.,.,.,.,.,.,.,.,.,.,.,0.1,.,0.1,0.1,.,.,.,.,.,.,.,.,.,.,.,.,.,.,.,.,.,.,0.1,0.1,.,.,.,.,.,0.1,0.1,0.1,0.1,0.1,0.1,1,0.1,1,0.1,2,.,.,.,.,.,.,.,.,.,.,.,.,.,.,.,.,.,.,0.5,0.5,0.1,1,0.1,3,.,.,.,.,.,.
Listera ovata,.,.,.,.,.,.,.,.,.,.,.,.,.,.,.,.,.,.,.,.,.,.,.,.,.,.,.,.,.,.,.,.,.,.,.,.,.,.,.,.,.,.,.,.,.,.,.,.,.,.,.,.,.,.,.,.,.,.,.,.,.,.,.,.,.,.,.,.,.,.,.,.,.,.,.,.,.,.,.,.,.,.,.,.,.,.,.,.,.,.,.,.,.,.,0.1,.,.,.,.,.,.,.,.
Lotus corniculatus,.,.,.,.,.,0.1,0.1,.,.,.,.,.,.,0.1,0.1,0.1,0.1,5,.,.,.,.,.,1,15,1,.,.,.,0.1,0.1,0.1,0.1,0.1,0.1,1,10,.,.,.,.,.,.,0.5,.,0.1,.,.,.,0.1,0.1,.,0.1,0.1,2,0.1,0.1,0.1,.,0.1,0.5,1,.,1,.,.,0.1,1,1,1,0.1,3,5,.,0.5,.,.,.,0.1,1,0.1,.,.,.,1,1,.,1,0.1,0.1,0.1,5,4,.,.,5,3,.,.,.,0.1,.,.
Luzula campestris,.,.,.,.,.,.,.,.,.,.,.,.,.,.,.,.,.,.,.,.,.,.,.,.,0.1,.,.,.,.,.,.,.,.,.,.,.,.,.,.,.,.,.,.,.,.,.,.,.,.,.,.,.,.,.,.,.,.,.,.,1,.,.,.,.,.,.,.,.,.,.,.,.,.,.,.,.,.,.,.,.,.,.,.,.,.,.,.,.,.,.,.,.,.,.,.,.,.,.,.,.,.,.,.
Lycopus europaeus,.,0.1,.,.,.,.,.,.,.,.,.,.,.,.,0.1,.,.,.,.,.,.,.,.,.,.,.,.,.,.,.,.,.,.,.,.,.,.,.,.,.,.,.,.,.,.,.,.,.,.,.,.,.,.,.,.,.,.,.,.,.,.,.,.,.,.,.,.,.,.,.,.,.,.,.,.,.,.,.,.,.,.,.,.,.,.,.,.,.,.,.,.,.,.,.,.,.,.,.,.,.,.,.,.
Mentha aquatica,0.1,.,.,.,.,.,0.1,.,.,.,0.1,0.1,0.1,0.1,.,0.5,.,0.1,0.1,.,.,.,.,.,.,0.1,.,.,.,0.1,0.1,3,1,0.1,3,2,1,0.1,0.1,.,.,.,.,.,.,.,.,.,0.1,0.5,0.1,0.1,2,1,0.5,0.1,0.5,.,.,.,.,0.5,.,.,.,.,0.1,5,1,0.1,12,3,0.5,.,.,.,.,.,.,.,0.5,.,.,.,.,0.5,.,.,.,.,0.1,1,0.1,.,1,1,.,.,.,.,.,.,.
Odontites vernus,.,.,.,.,.,.,.,.,.,.,.,.,.,.,.,.,.,.,.,.,.,.,.,.,.,.,.,.,.,.,.,.,.,.,.,0.1,.,.,.,.,.,.,.,.,.,.,.,.,.,.,.,.,.,.,.,.,.,.,.,.,.,.,.,.,.,.,.,.,.,.,.,.,.,.,.,.,.,.,.,.,.,.,.,.,.,.,.,.,.,.,.,.,.,.,.,0.1,.,.,.,.,.,.,.
Ononis repens,.,.,.,.,.,.,.,.,.,.,.,.,.,.,.,.,.,.,.,.,.,.,.,.,.,.,.,.,.,.,.,.,.,.,.,.,.,.,.,.,.,.,.,.,.,.,.,.,.,.,.,.,.,.,.,.,.,.,.,.,.,.,.,.,.,.,.,.,.,.,.,.,.,.,.,.,.,.,.,.,.,.,.,.,.,.,.,.,.,.,.,.,0.5,.,.,.,.,.,2,.,.,.,.
Ophioglossum vulgatum,.,.,.,.,.,.,.,.,.,.,.,.,.,.,.,.,.,.,.,.,.,.,.,.,.,.,.,.,.,.,.,.,.,.,.,.,.,.,.,.,.,.,.,.,.,.,.,.,.,.,.,.,.,.,.,.,.,.,.,.,.,.,.,.,.,.,.,.,.,.,0.1,.,.,.,.,.,.,.,.,.,.,.,.,.,.,.,.,.,.,.,.,.,.,.,.,.,.,.,.,.,.,.,.
Parnassia palustris,.,.,.,.,.,.,.,.,.,.,.,.,.,.,.,.,.,.,.,.,.,.,.,.,0.1,.,.,.,.,0.1,.,.,.,.,.,.,.,.,.,.,.,.,.,.,.,.,.,.,0.1,.,.,.,.,.,.,.,.,.,.,.,.,.,0.1,0.1,.,0.5,0.1,.,.,.,0.1,.,.,.,.,.,.,.,.,0.1,.,.,.,.,.,.,0.1,.,0.1,0.5,0.1,.,.,.,.,0.1,.,.,.,.,.,.,.
Pilosella officinarum agg,.,.,.,.,.,.,.,.,.,.,.,.,.,.,.,.,.,.,0.1,.,.,.,0.1,0.1,3,0.1,.,.,0.1,0.1,0.1,0.1,.,.,.,0.1,.,.,.,.,.,.,.,.,.,.,.,.,.,.,.,.,1,.,.,0.5,0.1,.,.,.,0.1,0.1,.,0.1,0.1,.,0.1,.,.,.,.,.,.,.,0.1,.,.,.,0.1,0.1,.,.,.,.,.,0.1,0.1,0.5,.,.,0.1,.,.,.,.,.,.,.,.,.,.,0.5,.
Pilularia globulifera,.,.,.,.,.,.,.,.,.,.,.,.,.,.,.,.,.,.,.,.,.,.,.,.,.,.,.,.,.,.,.,.,.,.,.,.,.,.,0.1,1,0.1,.,.,.,.,.,.,.,.,.,.,.,.,.,.,.,.,.,.,.,.,.,.,.,.,.,.,.,.,.,.,.,.,.,.,.,.,.,.,.,.,.,.,.,.,.,.,.,.,.,.,.,.,.,.,.,.,.,.,.,.,.,.
Pinguicula vulgaris,.,.,.,.,.,.,.,.,.,.,.,.,.,.,.,.,.,.,.,.,.,.,.,.,2,.,.,.,.,.,.,.,.,.,.,.,.,.,.,.,.,.,.,.,.,.,.,.,.,.,.,.,.,.,.,.,.,.,.,.,.,.,.,.,.,0.5,.,.,.,.,.,.,.,.,.,.,.,.,.,.,.,.,.,.,.,.,.,.,.,.,.,.,.,.,.,.,.,.,.,.,.,.,.
Plantago coronopus,.,.,.,.,.,.,.,.,.,.,.,.,.,.,.,.,.,.,.,.,.,.,.,.,.,.,.,.,.,.,.,.,.,.,.,.,.,.,.,.,.,.,.,.,.,.,.,.,.,.,.,.,.,.,.,.,.,.,.,.,.,.,.,.,.,.,.,.,.,.,.,.,.,.,.,.,.,.,0.1,.,.,.,.,.,.,.,.,.,.,.,.,.,.,.,.,.,.,.,.,.,.,.,.
Plantago lanceolata,.,0.1,.,.,.,.,0.1,.,.,.,.,0.1,.,0.1,.,0.1,0.1,0.1,.,.,.,.,.,.,.,0.1,.,.,.,0.1,0.1,0.1,0.1,.,1,0.1,0.1,.,.,.,.,.,.,.,.,.,.,.,0.1,0.1,0.1,.,0.5,1,0.1,.,.,.,.,.,.,0.5,.,0.1,.,0.1,.,0.5,1,.,.,0.1,1,.,0.1,.,.,.,.,.,.,.,.,.,.,1,.,0.5,.,.,0.1,1,0.5,0.5,0.1,0.1,0.1,.,0.5,.,.,.,.
Plantago major,.,.,.,.,.,.,.,.,.,.,.,.,.,.,0.1,.,.,1,.,.,.,.,.,.,.,.,.,.,.,.,.,0.1,.,0.1,0.1,1,0.1,.,.,.,.,.,.,.,.,.,.,.,.,0.1,.,0.1,.,3,1,.,.,.,.,.,.,.,.,.,.,.,.,.,.,.,1,0.1,.,.,.,.,.,.,.,.,.,.,.,.,.,.,.,0.1,.,.,.,.,.,.,0.1,.,.,.,.,.,.,.,.
Poa annua,.,.,.,.,.,.,.,.,.,.,.,.,.,.,.,.,.,.,.,.,.,.,.,0.1,.,.,.,0.1,.,.,.,.,0.1,.,.,.,.,.,.,.,.,.,.,.,.,0.1,.,.,.,.,0.1,.,.,0.5,.,.,.,.,.,.,.,.,.,1,.,.,.,.,.,.,.,3,.,.,.,.,.,.,.,.,.,.,.,.,.,.,.,.,.,.,.,.,.,.,.,.,.,.,.,.,.,.,.
Poa pratensis,.,.,.,.,.,0.1,.,.,0.1,.,.,.,.,0.1,.,0.1,.,0.1,0.1,.,.,.,0.1,0.1,.,0.1,.,.,0.1,.,.,0.1,.,.,.,.,.,.,.,.,.,.,.,.,.,.,.,.,.,0.1,.,.,.,.,.,.,.,.,.,.,.,.,.,.,.,.,.,.,.,.,.,.,.,.,.,.,.,.,.,.,.,.,.,.,.,.,0.5,.,.,.,.,.,.,.,.,0.1,.,.,0.1,.,0.1,.,.
Poa subcaerulea,.,.,.,.,.,.,.,.,.,.,.,.,.,.,.,.,.,.,.,.,.,.,.,.,.,.,.,.,.,.,.,.,0.1,.,.,.,.,.,.,.,.,.,.,.,.,.,.,.,.,.,.,.,.,.,.,.,.,.,.,.,.,.,.,.,.,.,0.1,.,.,.,.,.,.,.,0.1,.,0.1,.,.,.,.,.,.,.,.,.,.,.,.,.,.,.,.,.,.,.,.,.,.,.,.,.,.
Polygala vulgaris,.,.,.,.,.,.,.,.,.,.,.,.,.,.,.,.,.,.,.,.,.,.,.,.,.,.,.,.,.,0.1,0.1,.,.,0.1,.,.,.,.,.,.,.,.,.,.,.,.,.,.,.,.,.,.,.,.,.,.,.,.,.,.,.,.,.,.,.,0.1,0.1,.,.,.,.,.,.,.,.,.,.,.,.,0.1,.,.,.,.,.,.,.,.,.,0.1,.,.,.,.,.,.,.,.,.,.,.,.,.
Potentilla anserina,.,0.1,.,.,.,.,.,.,.,.,.,.,0.1,.,.,0.5,0.1,1,.,.,.,.,.,.,.,.,.,.,.,.,.,2,0.1,1,1,1,2,.,.,.,.,.,.,.,.,.,.,.,.,1,0.5,0.5,1,8,1,.,.,.,.,.,.,.,.,.,.,.,.,6,2,1,3,3,2,.,.,.,.,.,.,.,.,.,.,.,.,.,.,.,.,.,.,2,0.5,1,0.5,1,0.5,.,.,.,.,.,.
Prunella vulgaris,.,.,.,.,.,0.1,.,.,.,.,.,0.1,0.1,0.5,0.5,0.5,.,3,0.1,0.1,.,.,.,0.1,2,.,.,.,.,.,0.1,0.1,3,2,2,4,5,0.1,.,.,.,.,.,.,.,.,.,.,0.1,0.1,4,4,2,6,2,0.1,0.5,.,.,.,.,.,.,0.1,.,0.1,0.1,0.5,12,15,10,10,20,.,.,.,.,.,.,0.1,2,.,0.1,.,0.1,.,.,0.5,.,0.1,0.1,2,4,8,15,20,8,.,.,.,.,.,.
Pyrola rotundifolia,.,.,.,.,.,.,.,.,.,.,.,.,.,.,.,.,.,.,.,.,.,.,.,.,0.1,.,.,.,.,.,.,.,.,.,.,.,.,.,.,.,.,.,.,.,.,.,.,.,.,.,.,.,.,.,.,.,.,.,.,.,.,0.1,.,0.1,.,.,.,.,.,.,.,.,.,.,.,.,.,.,.,.,.,.,.,.,.,1,.,.,.,.,.,.,.,.,.,.,.,.,.,.,.,.,.
Ranunculus acris,.,.,.,.,.,.,.,.,.,.,.,.,.,.,.,.,0.1,.,.,.,.,.,.,.,0.1,.,.,.,.,.,0.1,.,.,.,1,0.1,0.1,.,.,.,.,.,.,.,.,.,.,.,0.1,0.1,0.1,.,0.5,0.1,.,0.1,0.1,0.1,.,.,.,0.1,.,0.5,.,0.1,.,0.1,0.1,0.1,3,1,0.1,.,.,.,.,0.1,.,.,.,0.1,.,.,.,.,.,0.1,.,0.1,0.1,0.1,0.1,0.1,0.1,0.1,0.1,.,.,.,.,0.5,.
Ranunculus bulbosus,.,.,.,.,.,.,.,.,.,.,.,.,.,.,.,.,.,.,.,.,.,.,.,.,.,.,.,.,.,.,.,.,.,.,.,.,.,.,.,.,.,.,.,.,.,.,.,.,.,.,.,.,.,.,.,.,.,.,.,.,.,.,0.1,0.1,.,0.1,.,0.1,0.1,.,0.1,0.1,.,.,.,.,.,.,.,.,.,.,.,.,.,.,.,.,.,.,.,.,.,.,.,.,.,.,.,.,.,.,.
Ranunculus flammula,0.1,0.1,.,.,.,.,.,.,.,.,.,.,.,.,0.5,1,.,.,1,.,.,.,.,.,.,.,.,.,.,.,.,.,.,1,2,1,.,0.1,0.1,.,.,.,.,.,.,.,.,.,.,.,.,1,0.5,0.1,.,0.1,0.1,0.1,.,.,.,.,.,.,.,.,.,.,.,1,1,1,.,.,.,.,.,.,.,.,0.5,0.1,.,.,.,.,.,.,.,.,.,.,.,3,0.1,0.1,.,.,.,.,.,.,.
Ranunculus repens,.,.,.,.,.,.,.,.,.,.,.,.,0.1,0.5,0.1,0.1,0.1,3,.,.,.,.,.,.,.,.,.,.,.,.,.,2,1,0.1,0.1,.,0.1,.,.,.,.,.,.,.,.,0.1,.,.,.,0.1,0.1,0.1,.,.,0.5,.,.,.,.,.,.,.,.,.,.,.,.,.,.,.,1,.,0.5,.,.,.,.,.,.,.,.,.,.,.,.,.,.,1,.,.,.,.,0.1,.,.,.,.,.,.,.,.,.,.
Rhinanthus minor,.,.,.,.,.,.,.,.,.,.,.,.,.,.,.,.,.,.,.,.,.,.,.,.,.,0.1,.,.,.,.,1,.,.,0.1,0.1,.,.,.,.,.,.,.,.,.,.,.,.,.,.,.,.,.,.,.,.,.,.,.,.,.,.,0.1,.,.,.,.,.,.,.,.,.,.,.,.,.,.,.,.,.,.,.,.,.,.,.,.,.,.,.,.,.,.,.,.,.,0.1,.,.,.,.,.,.,.
Rubus caesius,.,.,.,.,.,.,.,.,.,.,.,0.1,0.1,0.1,0.1,0.1,0.5,10,0.1,.,.,.,.,.,.,0.1,.,.,.,.,0.1,.,0.1,.,0.1,1,20,0.1,.,.,.,.,.,0.1,.,.,.,.,0.1,.,.,.,0.1,0.1,15,0.1,0.1,.,.,0.1,.,0.1,.,0.1,.,0.1,0.1,.,0.1,0.1,0.1,1,15,0.1,0.1,0.1,0.1,0.1,0.1,0.1,.,.,.,.,0.1,.,0.1,0.5,.,.,0.5,0.1,0.1,.,1,0.1,20,0.1,.,1,0.1,0.1,0.1
Rubus idaeus,.,.,.,.,.,.,.,.,.,.,.,.,.,.,.,.,.,.,.,.,.,.,.,.,.,.,.,.,.,.,.,.,.,.,.,.,.,.,.,.,.,.,.,.,.,.,.,.,.,.,.,.,.,.,.,.,.,.,.,.,.,.,.,.,0.1,.,.,.,.,.,.,.,.,.,.,.,.,.,.,.,.,.,.,.,.,.,.,.,.,.,.,.,.,.,.,.,.,.,.,.,.,.,.
Sagina nodosa,.,.,.,.,0.1,.,.,.,.,.,.,.,.,.,.,.,.,0.1,.,.,.,.,1,1,.,.,.,0.1,0.1,0.1,.,0.1,1,0.1,.,0.1,1,.,.,.,.,0.1,0.1,.,.,0.1,0.1,.,.,0.1,0.1,.,.,.,1,.,.,0.1,0.1,2,0.5,0.1,0.1,0.5,1,0.1,.,0.1,1,0.1,.,0.1,0.1,.,.,.,.,.,.,.,.,0.1,0.5,0.5,1,0.5,0.1,0.5,0.5,.,0.1,.,0.1,.,.,0.1,0.1,.,.,.,.,.,.
Salix aurita (s),.,.,.,.,.,.,.,.,.,.,.,.,.,.,.,.,.,.,.,.,.,.,.,.,.,.,.,.,.,.,.,.,.,.,.,.,.,.,.,.,.,.,.,.,.,.,.,.,.,.,.,.,.,.,.,.,.,.,.,.,.,.,.,.,.,.,.,.,.,.,.,.,.,.,.,.,.,.,.,.,0.5,0.1,0.5,.,.,.,.,2,0.1,0.1,0.1,.,0.5,.,0.1,.,.,.,.,.,.,.,.
Salix repens agg.,0.1,.,.,.,0.1,0.1,0.1,.,.,0.1,0.1,0.1,0.1,0.1,.,1,.,0.1,1,0.1,0.1,.,0.1,0.1,25,5,.,1,0.1,2,2,0.1,0.1,.,4,0.1,1,1,0.1,0.1,0.1,2,2,4,.,2,0.1,3,1,0.5,1,1,6,3,1,5,2,2,1,1,3,15,0.1,3,2,.,3,4,4,0.1,10,1,3,.,0.1,0.5,.,.,0.1,6,2,3,5,3,4,8,0.1,10,2,15,3,4,1,.,20,2,6,.,1,4,.,2,0.1
Samolus valerandi,.,.,.,.,.,.,.,.,.,.,.,0.1,0.1,1,1,0.1,0.1,.,.,.,.,.,.,.,.,.,.,.,.,.,.,1,1,3,4,1,.,.,0.1,.,.,.,.,.,.,.,.,.,.,0.1,0.1,2,5,5,.,.,0.5,.,.,.,.,.,.,0.1,.,.,.,0.1,0.1,.,0.1,0.1,.,.,.,.,.,0.1,.,.,1,0.1,.,.,0.1,0.1,.,.,.,.,.,.,.,0.1,0.1,0.1,.,0.1,0.1,.,.,0.1,0.1
Scirpus setaceus,.,.,.,.,.,.,.,.,.,.,.,.,.,.,0.1,.,.,.,.,.,.,.,.,.,.,.,.,.,.,.,.,.,.,.,.,.,.,.,.,.,.,.,.,.,.,.,.,.,.,.,.,.,.,.,.,.,.,.,.,.,.,.,.,.,.,.,.,.,.,.,.,.,.,.,.,.,.,.,.,.,.,.,.,.,.,.,.,.,.,.,.,.,.,.,.,.,.,.,.,.,.,.,.
Selaginella selaginoides,.,.,.,.,.,.,.,.,.,.,.,.,.,.,.,.,.,.,.,.,.,.,.,.,1,.,.,.,.,.,.,.,.,.,.,.,.,.,.,.,.,.,.,.,.,.,.,.,.,.,.,.,.,.,.,.,.,.,.,.,.,.,.,.,.,.,.,.,.,.,.,.,.,.,.,.,.,.,.,.,.,.,.,.,.,.,.,.,.,.,.,.,.,.,.,.,.,.,.,.,.,.,.
Salix cinerea (g),.,.,.,.,.,.,.,.,.,.,.,.,.,.,.,.,.,.,.,.,.,.,.,.,.,.,.,0.1,0.1,.,.,.,0.1,.,.,.,.,.,.,.,.,.,.,.,.,.,.,.,.,0.1,0.1,.,0.1,.,.,.,0.1,0.1,0.1,0.1,.,.,.,12,0.1,0.1,.,0.1,0.1,.,0.1,.,.,.,0.1,.,.,0.5,0.1,.,.,.,.,.,.,.,.,.,.,.,.,.,.,.,.,.,.,.,.,.,.,.,.
Senecio jacobaea,.,.,.,.,.,.,.,.,.,.,.,.,.,.,.,0.1,0.1,0.1,0.1,0.1,.,.,.,.,.,0.1,.,0.1,.,0.1,.,0.1,0.1,.,0.1,0.1,0.1,.,0.1,.,.,.,.,.,.,0.5,.,.,0.1,.,0.1,.,.,0.1,0.1,0.1,1,0.1,1,.,0.1,.,0.5,1,.,12,0.1,0.1,0.1,.,0.1,1,0.1,.,0.1,.,.,0.1,0.1,.,.,.,.,.,.,.,0.5,1,.,.,0.1,.,.,.,1,0.1,.,.,1,0.1,.,1,0.1
Senecio vulgaris,.,.,.,.,.,.,.,.,.,.,.,.,.,.,.,.,.,.,.,.,.,.,.,.,.,.,.,.,.,.,.,0.1,0.1,.,.,.,.,.,.,.,.,.,.,.,.,.,.,.,.,.,.,.,.,.,.,.,.,0.1,.,.,.,.,.,.,.,.,.,.,.,.,.,.,.,.,.,.,.,.,.,.,.,.,.,.,.,.,.,.,.,.,.,.,.,.,.,.,.,.,.,.,.,.,.
Danthonia decumbens,.,.,.,.,.,.,.,.,.,.,.,.,.,.,.,.,.,.,.,.,.,.,.,.,0.1,.,.,.,.,.,.,.,.,.,.,.,.,.,.,.,.,.,.,.,.,.,.,.,.,.,.,.,.,.,.,.,.,.,.,.,.,.,.,.,.,.,0.1,.,.,.,.,.,.,.,.,.,.,.,.,.,.,.,.,.,.,.,.,.,.,.,1,.,.,.,.,0.1,.,.,.,.,.,.,.
Sonchus arvensis,.,.,.,.,.,.,.,.,.,.,.,.,.,.,.,.,.,.,0.1,.,.,.,.,0.1,.,.,.,.,.,.,.,0.1,.,.,.,0.1,0.1,.,.,.,.,.,.,.,.,.,.,.,.,0.5,.,.,.,2,0.1,0.1,.,.,.,.,.,.,0.1,0.1,.,.,.,0.5,.,0.1,.,3,0.1,0.1,0.1,.,.,0.1,0.1,.,.,.,.,.,.,.,.,0.1,.,.,.,2,.,.,.,0.5,.,.,0.5,.,.,0.1,0.1
Sonchus asper,.,.,.,.,.,.,.,.,.,.,.,.,.,.,.,.,.,.,.,.,.,.,0.1,.,.,.,.,.,.,.,.,.,.,.,.,.,.,.,.,.,.,.,.,.,.,.,.,.,.,.,.,.,.,.,.,.,.,.,.,.,.,.,.,.,.,.,.,.,.,.,.,.,.,.,.,.,.,0.1,.,.,.,.,.,.,.,.,.,.,.,.,.,.,.,.,.,.,.,.,.,.,.,.,.
Sonchus oleraceus,.,.,.,.,.,.,.,.,.,.,.,.,.,.,.,0.1,0.1,.,.,.,.,.,.,.,.,0.1,.,.,.,0.1,.,.,.,.,.,.,.,.,.,.,0.1,.,.,.,.,.,.,.,.,.,.,.,.,.,.,.,.,.,.,.,.,.,.,.,.,.,.,.,.,.,.,.,.,.,.,.,.,.,.,.,.,.,.,.,.,.,.,.,.,.,.,.,.,.,.,.,.,.,.,.,.,.,.
Taraxacum sect. erythrosperma,.,.,.,.,.,.,.,.,.,.,.,.,.,.,.,.,.,.,0.1,.,.,.,.,0.1,.,.,.,.,.,.,.,.,.,.,.,.,.,.,.,.,.,.,.,.,0.1,.,.,.,.,.,.,.,.,.,.,.,.,.,.,.,.,.,.,.,.,.,.,.,.,.,.,.,.,.,.,.,.,.,.,.,.,.,.,.,.,.,.,.,.,.,.,.,.,.,.,.,.,.,.,.,.,.,.
Taraxacum officinale agg.,.,.,.,.,.,.,0.1,.,.,.,.,.,0.1,0.1,.,.,0.1,.,0.1,.,.,.,0.1,0.1,.,0.1,0.1,.,.,.,.,0.1,0.1,.,.,0.1,.,0.1,.,.,.,0.1,.,0.1,.,.,.,.,0.1,0.1,0.1,0.1,.,0.1,.,1,.,.,0.1,0.1,.,0.1,0.1,0.1,0.1,.,0.1,1,0.1,.,0.1,0.1,.,.,.,0.1,.,.,0.1,1,0.1,.,.,0.1,.,0.1,0.5,1,.,.,0.5,0.5,0.5,0.1,.,0.1,.,.,0.5,.,0.1,1,0.1
Thymus praecox arcticus,.,.,.,.,.,.,.,.,.,.,.,.,.,.,.,.,.,.,.,.,.,.,.,.,.,.,.,.,.,.,.,.,.,.,.,.,.,.,.,.,.,.,.,.,.,.,.,.,.,.,.,.,.,.,.,.,.,.,.,.,.,.,.,.,.,.,.,.,.,.,.,.,.,0.5,.,0.5,.,0.1,0.5,.,.,.,.,.,.,.,.,.,.,.,.,.,.,.,.,.,.,.,.,.,.,0.1,.
Trifolium campestre,.,.,.,.,.,.,.,.,.,.,.,.,.,.,.,.,.,.,.,.,.,.,.,.,.,.,.,.,.,.,.,.,.,.,.,0.1,.,.,.,.,.,.,.,.,.,.,.,.,.,.,.,.,.,.,.,.,.,.,.,.,.,.,.,.,.,.,.,.,.,.,.,.,.,.,.,.,.,.,.,.,.,.,.,.,.,0.1,.,.,.,.,.,.,.,.,.,0.1,.,.,.,.,.,.,.
Trifolium pratense,.,.,.,.,.,.,.,.,.,.,.,.,.,.,.,.,.,.,.,.,.,.,.,.,0.1,.,.,.,.,.,.,.,.,.,.,0.1,.,.,.,.,.,.,.,.,.,.,.,.,.,.,.,.,.,.,.,.,.,.,0.1,.,.,.,.,.,.,.,.,.,.,.,1,.,.,.,.,.,.,.,.,.,.,.,.,0.1,.,.,.,.,.,.,.,0.1,.,.,1,.,.,.,.,.,.,.,.
Trifolium repens,.,0.1,.,.,.,.,.,.,.,.,.,.,.,.,.,.,.,.,.,.,.,.,.,.,0.1,.,.,.,.,.,.,.,0.1,.,0.1,.,.,.,.,.,.,.,.,.,.,.,.,.,.,.,.,.,0.1,.,.,.,0.1,.,.,.,.,.,.,0.1,.,.,0.5,.,0.1,.,1,0.1,.,0.1,.,0.1,.,0.1,.,.,.,.,.,0.1,.,0.1,0.1,0.5,.,.,1,.,.,0.5,0.5,0.1,.,0.1,.,.,.,0.1,.
Tussilago farfara,.,0.1,.,.,.,.,.,.,.,.,.,.,0.1,.,.,.,0.1,.,.,.,.,.,0.1,.,.,0.1,.,.,.,.,.,1,0.1,0.1,.,1,.,.,.,.,.,.,.,.,.,.,.,.,.,.,.,.,.,.,.,.,0.1,0.1,0.1,0.1,.,.,0.1,0.1,.,0.1,0.1,0.1,0.1,0.1,.,.,.,.,1,0.1,.,0.5,0.5,.,0.1,0.1,0.1,.,.,0.1,.,.,.,0.1,.,0.1,.,0.1,.,.,.,.,2,2,.,5,0.5
Veronica anagallis-aquatica,.,.,.,.,.,.,.,.,.,.,.,.,.,.,.,0.1,5,.,.,.,.,.,.,.,.,.,.,.,.,.,.,.,.,.,.,.,.,.,.,.,.,.,.,.,.,.,.,.,.,.,.,.,.,.,.,.,.,.,.,.,.,.,.,.,.,.,.,.,.,.,.,.,.,.,.,.,.,.,.,.,.,.,.,.,.,.,.,.,.,.,.,.,.,.,.,.,.,.,.,.,.,.,.
Vicia hirsuta,.,.,.,.,.,.,.,.,.,.,.,.,.,.,.,.,.,.,.,.,.,.,.,.,.,.,.,.,.,.,.,.,.,.,.,.,0.1,.,.,.,.,.,.,.,.,.,.,.,.,.,.,.,.,.,.,.,.,.,.,.,.,.,.,.,.,.,.,.,.,.,.,.,.,.,.,.,.,.,.,.,.,.,.,.,.,.,.,.,.,.,.,.,.,.,.,.,.,.,.,.,.,.,.
Viola canina,.,.,.,.,.,.,.,.,.,.,.,.,.,.,.,.,.,.,.,.,.,.,.,.,.,.,.,.,.,.,.,.,.,.,.,.,.,.,.,.,.,.,.,.,.,.,.,.,.,.,.,.,.,.,.,.,.,.,.,.,0.1,.,.,.,.,.,.,.,.,.,.,.,.,.,.,.,.,.,.,.,.,.,.,.,0.1,.,.,.,.,.,.,.,.,.,.,.,0.1,.,.,.,.,.,.
Viola tricolor curtisii,.,.,.,.,.,.,.,.,.,.,.,.,.,.,.,.,.,.,.,.,.,.,.,.,.,.,.,.,.,.,.,.,.,.,.,.,0.1,.,.,.,.,.,.,.,.,.,.,.,.,.,.,.,.,.,0.1,.,0.1,.,.,.,.,.,.,.,.,.,.,.,.,.,.,.,.,.,.,.,.,.,.,.,.,.,.,.,.,.,.,.,.,.,.,.,.,.,.,.,.,.,.,.,.,.,.
Calliergon cuspidatum,.,1,.,.,.,.,.,.,.,.,.,.,.,.,0.1,2,2,0.1,.,.,.,.,.,.,.,.,.,.,.,.,.,.,.,0.1,8,.,.,.,.,.,.,.,.,.,.,.,.,.,.,.,.,0.1,6,0.1,0.5,.,.,.,.,.,.,.,.,.,.,.,0.1,.,.,0.5,10,.,0.1,.,.,.,.,.,.,.,.,.,.,.,.,.,.,.,.,.,.,.,.,.,20,0.1,0.1,.,.,.,.,.,.
Barbula fallax,.,.,.,.,.,.,.,.,.,.,.,.,.,.,0.1,.,.,.,.,.,.,.,.,.,.,.,.,.,.,.,.,.,.,.,.,.,.,.,.,.,.,.,.,.,.,.,.,.,.,.,.,.,.,.,.,.,.,.,.,.,.,.,.,.,.,.,.,.,.,.,.,.,.,.,.,.,.,.,.,.,.,.,.,.,.,.,.,.,.,.,.,.,.,.,.,.,.,.,.,.,.,.,.
Barbula tophacea,.,.,.,.,.,.,.,.,.,.,.,.,.,.,.,.,.,.,.,.,0.1,.,.,.,.,.,.,.,.,.,.,.,.,.,.,0.1,.,.,.,.,.,.,.,0.1,.,0.1,.,.,.,.,.,.,.,.,.,.,.,.,.,.,.,0.1,.,0.1,.,.,.,.,.,.,.,.,.,.,.,.,.,.,.,.,.,.,.,.,.,.,.,.,.,.,.,.,.,.,.,.,.,.,.,.,.,.,.
Barbula unguiculata,.,.,.,.,.,.,.,.,.,.,.,.,.,.,.,0.1,0.1,.,.,.,.,.,.,.,.,.,.,.,.,.,.,.,.,.,.,.,.,.,.,.,.,.,.,.,.,.,.,.,.,.,.,.,.,.,.,.,.,.,.,.,.,.,.,.,.,.,.,.,.,.,.,.,.,.,.,.,.,.,.,.,.,.,.,.,.,.,.,.,.,.,.,.,.,.,.,.,.,.,.,.,.,.,.
Brachythecium rutabulum,.,.,.,.,.,.,.,.,.,.,.,.,.,.,.,.,.,.,.,.,.,.,.,.,.,.,.,.,.,.,.,.,.,.,.,.,.,.,.,.,.,.,.,.,.,.,.,.,.,.,.,.,.,.,.,.,.,.,.,.,.,.,.,.,.,.,.,.,.,.,.,.,.,.,.,.,.,.,.,.,.,.,.,.,.,.,.,.,.,.,.,.,.,.,.,.,0.1,.,.,.,.,.,.
Bryum bicolor,.,.,.,.,.,.,.,.,.,.,.,.,.,.,.,.,.,.,.,.,.,.,.,.,.,.,.,.,.,.,.,.,.,.,.,.,.,.,.,.,.,.,.,.,.,.,.,.,.,.,.,.,.,.,.,.,.,.,.,.,.,.,.,.,.,.,.,.,.,.,.,.,.,.,.,0.1,.,.,.,.,.,.,0.1,.,.,0.1,0.1,.,.,.,.,.,.,.,.,.,.,.,.,.,.,.,.
Bryum capillare,.,.,.,.,.,.,.,.,.,.,.,.,.,.,.,.,.,.,.,.,.,.,.,.,.,.,.,.,.,.,.,.,.,.,0.1,0.1,.,.,.,.,.,.,.,.,.,.,.,.,.,.,.,.,.,.,.,.,.,.,.,.,.,.,.,.,.,.,.,.,.,.,.,.,0.1,.,.,.,.,.,.,.,.,.,.,.,.,.,.,.,.,.,.,.,.,.,.,.,0.1,.,.,.,.,.,.
Bryum pallens,.,.,.,.,.,.,.,.,.,.,.,0.1,.,.,.,.,.,.,.,.,.,.,.,.,.,.,.,.,.,0.1,.,.,.,.,.,0.1,.,.,.,0.1,.,.,.,.,.,.,.,0.1,.,.,.,.,0.1,.,.,0.1,0.1,0.1,.,0.1,.,.,.,0.1,.,0.1,.,.,.,.,.,5,0.1,.,.,0.5,.,.,.,0.1,0.1,1,0.1,0.1,.,.,.,0.1,.,.,.,.,.,0.1,0.1,.,.,.,.,.,.,.,.
Bryum algovicum var rutheanum,.,.,.,.,.,.,.,.,.,.,.,.,.,.,.,.,.,.,.,.,.,.,.,.,.,.,.,.,.,.,.,.,.,.,.,.,.,.,.,.,.,.,.,0.1,.,.,.,.,.,.,.,.,.,.,.,.,.,.,0.1,.,.,2,.,.,.,.,.,.,.,.,.,.,.,.,.,0.1,.,.,.,.,.,.,.,.,.,.,.,.,.,.,.,.,.,.,.,.,.,.,.,.,.,.,.
Bryum pseudotriquetrum,.,0.1,.,.,.,.,.,.,.,.,.,.,.,0.1,0.1,0.5,0.1,.,.,.,.,.,.,.,0.1,.,.,.,.,.,0.1,.,.,.,5,20,.,0.1,.,0.1,.,.,.,1,.,.,.,0.1,0.1,.,.,.,.,0.1,0.1,0.1,0.1,1,1,0.1,0.1,1,0.1,0.1,0.5,0.1,1,.,.,0.1,.,1,3,0.5,1,.,.,0.1,.,.,0.1,1,1,2,.,1,.,0.1,.,1,.,0.1,.,0.1,0.1,0.1,0.1,.,.,.,.,.,.
Homalothecium lutescens,.,.,.,.,.,.,.,.,.,.,.,.,.,.,.,.,.,0.1,.,.,.,.,.,.,.,.,.,.,.,.,.,.,.,0.1,0.1,0.1,0.1,.,.,.,.,.,.,.,.,.,.,.,0.1,.,.,.,.,.,0.1,.,0.1,0.1,.,.,.,.,.,0.1,.,.,.,.,0.1,0.1,.,.,0.1,.,.,.,.,.,.,.,.,.,.,.,.,.,.,.,.,.,.,.,.,0.1,.,0.1,0.1,.,.,.,.,.,.
Campylium chrysophyllum,.,.,.,.,.,.,.,.,.,.,.,.,.,.,.,.,.,.,.,.,.,.,.,.,.,.,.,.,.,.,.,.,.,.,.,.,.,.,.,.,.,.,.,.,.,.,.,.,.,.,.,.,.,.,.,.,.,.,.,.,.,.,.,.,.,.,.,.,.,.,.,3,.,.,.,.,.,.,.,.,.,.,.,.,.,.,.,.,.,.,.,.,.,.,.,.,.,.,.,.,.,.,.
Campylium polygamum,.,.,.,.,.,.,.,.,.,.,.,.,.,.,.,.,.,.,.,.,.,.,.,.,.,.,.,.,.,.,.,.,.,0.1,.,.,.,.,.,.,.,.,.,.,.,.,.,.,.,.,.,.,.,.,.,.,.,.,.,.,.,.,.,.,.,.,.,.,.,.,.,.,.,.,.,.,.,.,.,.,.,.,.,.,.,.,.,.,.,.,.,.,.,.,.,.,.,.,.,.,.,.,.
Campylium stellatum,.,0.5,.,.,.,.,.,.,.,.,.,.,.,.,.,0.5,0.1,.,.,.,.,.,.,.,.,.,.,.,.,.,.,.,.,.,1,.,.,.,.,.,.,.,.,.,.,.,.,.,.,.,.,.,.,.,.,.,.,.,.,.,.,.,.,.,.,.,.,.,.,.,.,.,0.1,.,.,.,.,.,.,.,.,.,.,.,.,.,.,.,.,.,.,.,.,.,.,.,.,.,.,.,.,.,.
Ceratodon purpureus,.,.,.,.,.,.,.,.,.,.,.,.,.,.,.,.,.,.,.,.,.,.,.,.,.,.,.,.,.,.,.,.,.,.,.,.,.,0.1,.,.,.,.,.,.,.,.,.,.,.,.,.,.,.,.,.,.,.,.,.,.,.,.,.,.,.,.,.,.,.,.,.,.,.,.,.,.,.,.,.,.,.,.,.,.,.,.,.,.,.,.,.,.,.,.,.,.,.,.,.,.,.,.,.
Drepanocladus aduncus,.,.,.,.,.,.,.,.,.,.,.,.,.,.,.,.,.,.,.,.,.,.,.,.,.,.,.,.,.,.,.,.,.,.,.,.,.,.,.,.,.,.,.,0.1,.,.,.,.,0.1,.,.,.,.,.,.,.,.,.,.,.,.,.,.,.,.,.,.,0.1,.,.,.,.,.,.,.,.,.,.,.,.,.,.,.,.,.,.,.,.,.,.,.,.,.,.,.,.,.,.,.,.,.,.,.
Drepanocladus sp,.,.,.,.,.,.,.,.,.,.,.,0.1,.,.,.,.,.,.,.,.,.,.,.,.,.,.,.,.,.,.,.,.,.,.,.,.,.,.,.,.,.,.,.,.,.,.,.,.,.,.,.,.,.,.,.,.,.,.,.,.,.,.,.,.,.,.,.,.,.,.,.,.,.,.,.,.,.,.,.,.,.,.,.,.,.,.,.,.,.,.,.,.,.,.,.,.,.,.,.,.,.,.,.
Fissidens adianthoides,.,.,.,.,.,.,.,.,.,.,.,.,.,.,.,.,.,.,.,.,.,.,.,.,10,.,.,.,.,.,.,.,.,.,.,.,.,.,.,.,.,.,.,0.1,.,.,.,.,.,.,.,.,.,.,.,.,.,.,.,.,.,.,.,.,.,.,.,.,.,.,.,.,.,.,.,.,.,.,.,.,.,.,.,.,.,.,.,.,.,.,.,.,.,.,.,.,.,.,.,.,.,.,.
Hypnum cupressiforme,.,.,.,.,.,.,.,.,.,.,.,.,.,.,.,.,.,.,.,.,.,.,.,.,.,.,.,.,.,.,.,.,.,.,.,.,.,.,.,.,.,.,.,.,.,.,.,.,.,.,.,.,.,.,.,.,.,.,.,.,.,.,.,.,.,.,.,0.1,.,.,.,.,.,.,.,.,.,.,.,.,.,.,.,.,.,.,.,.,.,.,0.1,0.1,.,.,.,.,.,.,.,.,.,.,.
Pseudoscleropodium purum,.,.,.,.,.,.,.,.,.,.,.,0.1,.,.,.,.,.,.,.,.,.,.,.,.,.,.,.,.,.,.,.,.,.,.,.,.,.,0.1,.,.,.,.,.,0.1,.,.,.,.,0.1,.,.,.,.,.,.,0.1,0.1,.,.,.,.,.,.,.,0.1,.,0.1,.,.,.,.,.,.,.,.,.,.,.,.,.,0.1,.,.,.,.,.,.,.,.,.,.,.,.,.,.,0.1,.,.,.,.,.,.,.
Rhytidiadelphus squarrosus,.,.,.,.,.,.,.,.,.,.,.,.,.,.,.,.,.,.,.,.,.,.,.,.,.,.,.,.,.,.,.,.,.,.,.,.,.,.,.,.,.,.,.,.,.,.,.,.,.,.,.,.,.,.,.,.,.,.,.,.,.,.,.,.,.,.,.,.,.,.,.,.,0.1,.,.,.,.,.,.,.,.,.,.,.,.,.,.,.,.,.,.,.,.,.,.,.,.,.,.,.,.,.,.
Rhytidiadelphus triquetrus,.,.,.,.,.,.,.,.,.,.,.,.,.,.,.,.,.,.,.,.,.,.,.,.,.,.,.,.,.,.,.,.,.,.,.,.,0.1,.,.,.,.,.,.,.,.,.,.,.,.,.,.,.,.,.,.,.,.,.,.,.,.,.,.,.,.,.,.,.,.,.,.,.,.,.,.,.,.,.,.,.,.,.,.,.,.,.,.,.,.,.,.,.,.,.,.,.,.,.,.,.,.,.,.
Tortella flavovirens,.,.,.,.,.,.,.,.,.,.,.,.,.,.,.,.,.,.,.,.,.,.,.,.,.,.,.,.,.,.,.,.,.,.,.,.,.,.,.,.,.,.,.,.,.,.,.,.,.,.,.,.,.,.,.,.,.,.,.,.,.,.,.,.,.,.,.,.,.,.,.,.,0.5,.,.,0.1,.,.,.,.,.,.,.,.,.,.,.,.,.,.,.,.,.,.,.,.,.,.,.,.,.,.,.
Tortula ruralis ssp ruraliformis,.,.,.,.,.,.,.,.,.,.,.,.,.,.,.,.,.,.,.,.,.,.,.,.,.,.,.,.,.,.,.,.,.,.,.,.,.,.,.,.,.,.,.,.,.,.,.,.,.,.,.,.,.,.,.,.,.,.,.,.,.,.,.,.,.,.,.,.,.,.,.,.,.,.,.,0.1,.,.,.,.,.,.,.,.,.,.,.,.,.,.,.,.,.,.,.,.,.,.,.,.,.,.,.
Trichostomum brachydontium,.,.,.,.,.,.,.,.,.,.,.,.,.,.,.,.,.,.,.,.,.,.,.,.,.,.,.,.,.,.,.,.,.,.,.,.,.,.,.,.,.,.,.,.,.,.,.,.,.,.,.,.,.,.,.,.,.,.,.,.,.,.,.,.,.,.,.,.,.,.,.,.,0.1,.,.,.,.,.,.,.,.,.,.,.,.,.,.,.,.,.,.,.,.,.,.,.,.,.,.,.,.,.,.
Trichostomum crispulum,.,.,.,.,.,.,.,.,.,.,.,.,.,.,.,.,.,.,.,.,.,.,.,.,.,.,.,.,.,.,.,.,.,.,.,.,.,0.1,.,.,.,.,.,.,.,.,.,.,.,.,.,.,.,.,.,.,.,.,.,.,.,.,.,.,.,.,.,.,.,.,.,.,0.1,.,.,0.5,.,.,.,.,.,.,.,.,.,.,.,.,.,.,.,.,.,.,.,.,.,.,.,.,.,.,.
Moerckia hibernica,.,.,.,.,.,.,.,.,.,.,.,.,.,.,.,.,.,.,.,.,.,.,.,.,.,.,.,.,.,.,.,.,.,.,.,.,.,.,.,.,.,.,.,.,.,.,.,.,.,.,.,.,.,.,.,.,.,.,.,.,.,.,.,.,.,.,.,.,.,0.5,.,.,.,.,.,.,.,.,.,.,.,.,.,.,.,.,.,.,.,.,.,.,.,.,.,.,.,.,.,.,.,.,.
Pellia endiviifolia,.,.,.,.,.,.,.,.,.,.,.,.,.,.,.,.,.,.,.,.,.,.,.,.,.,.,.,.,.,.,.,.,.,.,.,.,.,.,.,.,.,.,.,.,.,.,.,.,.,.,.,.,.,.,.,.,.,.,.,.,.,.,.,.,.,.,.,.,.,.,.,.,.,.,.,.,.,.,.,.,.,.,.,.,.,.,.,.,.,.,.,.,.,.,0.1,0.1,.,.,.,.,.,.,.
Aneura pinguis,.,.,.,.,.,.,.,.,.,.,.,.,.,.,.,.,.,.,.,.,.,.,.,.,.,.,.,.,.,0.1,.,.,.,.,.,.,.,.,.,.,.,.,.,0.1,.,.,.,.,.,.,.,.,.,.,.,0.1,0.1,.,.,.,.,0.1,.,.,.,.,.,.,.,0.1,0.1,.,.,.,.,.,.,.,.,.,.,.,.,.,.,.,.,.,.,.,.,.,.,.,.,0.1,.,.,.,.,.,.,.
Bryum sp,.,.,.,.,.,.,.,.,.,.,.,.,.,.,.,.,.,.,.,.,.,.,.,.,.,.,.,.,.,.,.,.,.,.,.,.,.,.,.,.,.,.,.,.,.,.,.,.,.,.,.,.,.,.,.,.,.,.,.,.,.,.,.,.,.,.,.,.,.,.,.,.,.,.,.,.,.,.,.,.,.,.,.,.,.,.,.,.,.,.,.,.,.,.,.,.,.,.,2,0.1,.,0.1,.
Pellia sp,.,.,.,.,.,.,.,.,.,.,.,.,.,.,.,.,.,.,.,.,.,.,.,.,.,.,.,.,.,.,.,.,.,.,.,.,.,.,.,.,.,.,.,.,.,.,.,.,.,.,.,.,.,.,.,.,.,.,.,.,.,.,.,.,.,.,.,.,.,.,0.1,.,.,.,.,.,.,.,.,.,.,.,.,.,.,.,.,.,.,.,.,.,.,.,.,.,.,.,.,.,.,.,.
