Transect number:,1,1,1,1,1,1,1,1,1,1,1,1,1,1,1,1,1,1,1,1,1,1,1,1,1,1,1,1,1,1,1,1,1,1,1,1,1,1,2,2,2,2,2,2,2,2,2,2,2,2,2,2,2,2,2,2,2,2,2,2,2,2,2,2,2,2,2,2,2,2,2,2,2,3,3,3,3,3,3,3,3,3,3,3,3,3,3,3,3,3,3,3,3,3,4,4,4,4,4,4,4,4,4,4,4,4,4,4,4,4,4,4,4,4,4
Quadrat no:,3N,6N,9N,12N,15N,18N,21N,24N,27N,30N,33N,36N,39N,42N,45N,48N,51N,0S,3S,6S,9S,12S,15S,18S,21S,24S,27S,30S,33S,36S,39S,42S,45S,48S,51S,54S,57S,60S,3N,6N,9N,12N,15N,18N,21N,24N,27N,30N,33N,36N,39N,42N,45N,48N,51N,0S,3S,6S,9S,12S,15S,18S,21S,24S,27S,30S,33S,36S,39S,42S,45S,48S,51S,0S,3S,6S,9S,12S,15S,18S,21S,24S,27S,30S,33S,36S,39S,42S,45S,48S,51S,54S,57S,60S,0S,3S,6S,9S,12S,15S,18S,21S,24S,27S,30S,33S,36S,39S,42S,45S,48S,51S,54S,57S,60S
Vegetation height (cm):,25,11,12,10,11,11,8,6,10,10,19,13,15,11,9,12,8,7,10,8,12,10,10,9,8,7,8,9,8,20,16,11,8,15,17,10,12,NA,14,15,18,25,29,15,20,25,17,15,17,25,10,21,14,15,17,9,10,10,11,10,16,15,8,8,8,9,12,12,6,8,10,6,10,8,10,8,NA,8,15,18,10,20,10,18,10,16,15,18,19,18,16,18,24,10,8,10,5,8,12,8,9,22,18,15,21,11,8,10,14,14,20,14,15,12,13
Recorder:,PH,RW,LR,PH,RW,LR,PH,RW,LR,PH,LR,RW,PH,LR,RW,PH,LR,LR,RW,PH,LR,RW,PH,LR,PH,RW,PH,LR,RW,PH,PH,LR,RW,PH,LR,RW,PH,LR,LR,PH,LR,PH,LR,PH,LR,PH,LR,PH,LR,PH,PH,LR,LR,PH,LR,LR,PH,PH,LR,PH,LR,LR,PH,LR,PH,RW,PH,RW,LR,PH,PH,RW,LR,PH,PH,PH,PH,PH,PH,PH,PH,PH,PH,LR,PH,LR,PH,PH,LR,PH,LR,PH,LR,PH,PH,PH,PH,PH,PH,PH,LR,LR,LR,LR,LR,LR,LR,LR,LR,LR,LR,LR,LR,LR,LR
Species:,,,,,,,,,,,,,,,,,,,,,,,,,,,,,,,,,,,,,,,,,,,,,,,,,,,,,,,,,,,,,,,,,,,,,,,,,,,,,,,,,,,,,,,,,,,,,,,,,,,,,,,,,,,,,,,,,,,
Achillea millefolium,,,,,,,,,,,,,,,,,,,,,,,,,,,,,,,,,,,,,,,,,,,,,,,,,,,,,,,,,,,,,,,,,,,,,,,,,,,,,,,,,,,,,,,,,,,,,,,,,,,,,,,,,,,,,,,,,,,
Agrostis stolonifera,,,3,4,3,2,,3,5,4,5,2,4,,3,4,2,,,,,2,2,4,2,5,,4,,2,2,5,4,2,4,3,2,4,,1,4,,,1,3,,2,,2,,,,,,2,,,1,2,,,,,,,,2,2,,,2,2,3,,,4,4,,,4,,4,4,,,,,,,,,2,,,,,,,3,4,,,,,,3,,3,3,3,,4,3,2,5
Anthoxanthum odoratum,,,,1,,,,,,,,,,,,,,,,,,,,,,,,,,,,,,,,,,,,,,,,,,,,,,,,,,,,,,,,,,,,,,,,,,,,,,,,,,,,,,,,,,,,,,,,,,,,,,,,,,,,,,,,,,,,,,,
Arrhenatherum elatius,,,,,,,,,,,,,,,,,,,,,,,,,,,,,,,,,,,,,,,,,,,,,,,,,,,,,,,,,,,,,,,,,,,,,,,,,,,,,,,,,,,,,,,,,,,,,,,,,,,,,,,,,,,,,,,,,,,
Avenula pratensis,,,,4,,,,,,2,4,,,4,,1,4,,4,,,,,,,4,2,,3,2,3,,1,2,3,4,4,2,,4,,,2,4,,,3,4,,,,4,4,4,,,,4,,2,4,5,4,4,1,2,,1,,1,,,5,,4,4,4,,,,4,,,2,2,4,,,2,,,4,4,3,,,,4,,,,,4,4,4,3,,3,4,4,,3,2,1,
Avenula pubescens,,,,,4,,,1,,1,,,,,,,,,,,,,,,,,,,,,,1,2,,,,,,4,,,,,2,,,,,,,,,,4,,,,2,1,2,1,,,,,4,,,,,,,,,3,4,,4,4,4,4,,4,,,,,,,,3,,,,,2,,,,4,,,,,,3,,,,,,,,4,3
Bare ground,,,,,,,,,,,,,,,,,,,,,,,,,,,,,,,,,,,,,,,,,,,,,,,,,,,5,,,,,,,,,,,,,,,2,,,,,,,,,,,,,,,,,,,,,,,,,,,,,,,,,,,,,,,,,,,,,,,,,
Brachypodium pinnatum,,,,,,,,,,,,,,,,,,,,,,,,,,,,,,,,,,,,,,,,,,,,,,,,,,,,,,,,,,,,,,,,,,,,,,,,,,,,,,,,,,,,,,,,,,,,,,,,,,,,,,,,,,,,,,,,,,,
Brachypodium sylvaticum,,,,,,,,,,,,,,,,,,,,,,,,,,,,,,,,,,,,,,,,,,,,,,,,,,,,,,,,,,,,,,,,,,,,,,,,,,,,,,,,,,,,,,,,,,,,,,,,,,,,,,,,,,,,,,,,,,,
Brachythecium rutabulum,,,,,,,,,,,,,,,,,,,,,,,,,,,,,,,,,,,,,,,,,,,,,,,,,,,,,,,,,,,,,,,,,,,,,,,,,,,,,,,,,,,,,,,,,,,,,,,,,,,,,,,,,,,,,,,,,,,
Briza media,2,,,4,,4,4,,4,5,,,2,,2,4,4,,4,2,,4,2,,4,5,,3,4,4,,2,2,2,2,,1,,,5,4,4,4,4,,1,,4,2,4,4,,,,2,3,4,4,4,4,1,4,4,4,4,,4,,,4,4,3,1,4,,4,4,4,4,4,4,5,5,3,4,2,5,7,,4,5,3,,4,4,4,4,5,4,4,2,,,,3,,,,3,4,,2,,1,2
Bromopsis erecta,,,,,,,,,,,,,,,,,,,,,,,,,,,,,,,,,,,,,,,,,,,6,4,6,5,7,7,,8,8,8,7,7,7,7,,,,,,2,,,,,,,,,,,,,,,,4,5,,4,7,,,,,,,,,,,,,,,,,,,,7,8,,,,,,,,,,,,
Calliergonella cuspidata,,,,,1,,,,,,,,,,,,,,,,,,,,,1,,1,,,,,1,,,,,,,,,,,,,,,,,,,,,,,,,,,,,,,,,,,,,,,1,,,,,,,,,,,,,,,,,,,,,,,,,,,,,,,,,,,,,,,,,,,
Campanula glomerata,,,,,,,,,,,,,,,,,,,,,,,,,,,,,,,,,,,,,,,,,,,,,,,,,,,,,,,,,,,,,,,,,,,,,,,,,,,,,,,,,,,,,,,,,,,,,,,,,,,,,,,,,,,,,,,,,,,
Campanula rotundifolia,,,,,,,,,,,,,,,,,,,,,,,,,,,,,,,,,,,,,,,,,,,,,,,,,,,,,,,,,,,,,,,,,,,,,,,,1,,,,,,,,,,,,,,,,,,,,,,,,,,,,,,,,,,,,,,,,,,,
Campyliadelphus chrysophyllus,,,,,,,,,,,,,,,,,,,,,,,,,,,,,,,,,,,,,,,,,,,,,,,,,,,,,,,,,,,,,,,,,,,,,,,,,,,,,,,,,,,,,,,,,,,,,,,,,,,,,,,,,,,,,,,,,,,
Carex caryophyllea,,,,,,,,,,,,,,,,,,,,,,,,,,2,4,,,,,,,,,,,,,,,,,,,,,2,,,,,,,,,,,,,,,,,,,,,,,,1,,4,4,4,,4,4,,,,,,,,,,,,,,,1,4,4,,,,,1,,,,,,,,,,,,,2,
Carex flacca,,5,6,4,6,,5,5,4,5,6,5,5,7,7,2,7,6,5,4,6,5,4,6,4,5,5,7,6,4,4,7,7,4,4,6,4,3,5,5,5,4,3,4,4,4,,4,5,4,4,4,,2,,5,5,5,6,5,5,4,4,5,5,4,4,5,5,5,4,5,4,6,4,5,5,5,5,5,5,5,7,4,5,5,5,5,4,4,3,4,5,5,5,5,5,5,5,6,5,4,4,5,7,5,5,7,4,7,5,5,7,5,5
Carex humilis,,5,5,4,,,4,7,,4,5,4,4,,5,,,5,5,5,7,5,4,3,,,4,4,,4,,,4,4,,5,4,,,,,,,,,,,,,,,,,,,,,4,2,4,3,4,,,4,5,,5,,5,4,5,,,2,4,4,,,,4,,,,,,,,,,,,,2,,,2,2,4,4,,,,,,,,,,,,4,,,
Carlina vulgaris,,,,,,,,,,,,,,,,,,,,,,,,,,,,,,,,,,,,,,,,,,,,,,,,,,,,,,,,,,,,,,,,,,,,,,,,,,,,,,,,,,,,,,,,,,,,,,,,,,,,,,,,,,,,,,,,,,,
Centaurea nigra,,,,,,,,,,,,,,,,,,,,,,,,,,,,,,,,,,,,,,,,1,,2,,,,,,,,,,,,2,,,,,,,,,,,,,,,,,,,2,,4,,,,,,,,,,,,2,,,,,4,,,,,,,,,1,,,,,,,,1,1,,,,,
Centaurea scabiosa,,,,,,,,,,,,,,,,,,,,,,,,,,,,,,,,,,,,,,,,,,,,,,,,,,,,,,,,,,,,,,,,,,,,,,,,,,,,,,,,,,,,,,,,,,,,,,,,,,,,,,,,,,,,,,,,,,,
Cerastium fontanum,,,,,,,,,,,,,,,,,,,,,,,,,,,,,,,,,,,,,,,,,,,,,,,,,,,2,,,,,,,,,,,,,,,,,,,,,,,,,,,,,,,,,,,,,,,,,,,,,,,,,,,,,,,,,,,,,,,,
Cirsium acaule,,5,,,,2,4,,7,,7,,4,7,,,5,7,8,4,4,5,2,,,,,1,7,,4,,5,,7,,4,,,,4,,,,5,,4,,,,,2,,,,5,,4,,5,,5,,,4,,5,5,,4,4,,8,,4,,7,,,,5,4,4,5,,,7,,5,5,,,,,,7,,6,,4,,4,4,5,,,,4,5,4,5,,,5,2
Cirsium arvense,,,,,,,,,,,,,,,,,,,,,,,,,,,,,,,,,,,,,,,,,,,,,,,,,,,,,,,,,,,,,,,,,,,,,,,,,,,,,,,,,,,,,,,,,,,,,,,,,,,,,,,,,,,,,,,,,,,
Cirsium vulgare,,,,,,,,,,,,,,,,,,,,,,,,,,,,,,,,,,,,,,,,,,,,,,,,,,,,,,,,,,,,,,,,,,,,,,,,,,,,,,,,,,,,,,,,,,,,,,,,,,,,,,,,,,,,,,,,,,,
Clinopodium vulgare,,,,,,,,,,5,,,,,,,,,,,,,,,,,,,,,,,,,,,,,,,,,,,,,,,,,,,,,,,,,,,,,,,,,,,,,,,,,,,,,,,,,,,,,,,,,,,,,,,,,,,,,,,,,,,,,,,,,
Coeloglossum viride,,,,,,,,,,,,,,,,,,,,,,,,,,,,,,,,,,,,,,,,,,,,,,,,,,,,,,,,,,,,,,,,,1,,,,,,,,,,,,,,,,,,,,,,,,,,,,,,,,,,,,,,,,,,,,,,,,,,
Corylus avellana,,,,,,,,,,,,,,,,,,,,,,,,,,,,,,,,,,,,,,,,,,,,,,,,,,,,,,,,,,,,,,,,,,,,,,,,,,,,,,,,,,,,,,,,,,,,,,,,,,,,,,,,,,,,,,,,,,,
Crataegus monogyna,,,,,,,,,,,,,,,,,,,,,,,,,,,,,,,,,,,,,,,,,,,,,,,,,,,,,,,,,,,,,,,,,,,,,,,,1,,,,,,,,,,,,,,,,,,,,,,,,,,,,,,,,,,,,,,,,,,,
Crepis capillaris,,,,1,,,,,,,,,,,,,,,,,,,1,,,,,,,,,,,1,,,,,,,,,,,,,,,,,,,,,,,,,,,,,,4,2,,,,,,,,,,,,,,,,,,,,,,,,,,,,,,,,,,,2,,,,,,,,,,,,,,,
Cynosurus cristatus,,,3,,1,2,,,,,,1,,,,,,,,,3,,,,,,,,2,,,,1,,,,,,5,1,,1,,,,,2,,,,,,4,,,,,1,2,,,,,,,,2,1,,1,1,,1,,4,,4,4,,4,,,,,,,,,,,1,,,1,4,4,5,,,,,,,,,,1,,,,,,,,
Dactylis glomerata,4,3,,4,4,4,2,,,,4,1,4,2,1,4,,4,4,4,2,2,2,2,3,,2,3,,,2,,1,2,2,3,2,2,4,,4,4,4,,4,4,4,1,4,2,,3,,,,,4,2,,3,,4,,4,4,,2,2,4,,1,,4,,4,,4,,4,,4,4,4,,4,5,4,,4,4,,,3,,,1,4,4,4,4,2,4,,,,4,3,,3,,5,4,,,
Danthonia decumbens,,,,,,,,,,,,,,,,,,,,,,,,,,,,,,,,,,,,,,,,,,,,,,,,,,,,,,,,,,,,,,,,,,,,,,,,,,,,,,,,,,,,,,,,,,,,,,,,,,,,,,,,,,,,,,,,,,,
Deschampsia cespitosa,,,,,,,,,,,,,,,,,,,,,,,,,,,,,,,,,,,,,,,,,,,,,,,,,,,,,,,,,,,,,,,,,,,,,,,,,,,,,,,,,,,,,,,,,,,,,,,,,,,,,,,,,,,,,,,,,,,
Dung,,,,,,,,,,,,,,,,,,,,,,,,,,,,,,,,,,,,,,,,,,5,,,,,,,,,,,,,,,,,,,,,,,,,,,,,,,,,,,,,,,,,,,,,,,,,,,,,,,,,,,,,,,,,,,,,,,,,
Euphrasia nemorosa,,,,,,,,,,,,,,,,,,,,,,,,,,,,,,,,,,,,,,,,,,,,,,,,,,,,,,,,,,,,,,,,,,,,,,,,,,,,,,,,,,,,,,,,,,,,,,,,,,,,,,,,,,,,,,,,,,,
Eurhynchium praelongum,,,,,,,,,,,,,,,,,,,,,,,,,,,,,,,,,1,,,,,,,,,,,,,,,,,,,,,,,,,,,,,,,,,,,,,,,,,,,,,,,,,,,,,,,,,,,,,,,,,,,,,,,,,,,,,,,,,,
Festuca ovina,4,6,5,4,5,7,5,4,,,,7,4,5,5,,6,6,,6,7,5,5,6,7,5,6,7,6,5,,6,4,5,6,6,7,7,,4,5,5,5,,5,5,,5,5,5,5,,,5,5,5,4,5,6,4,6,5,7,5,,7,,5,7,,,4,,5,5,5,,2,4,5,5,5,,6,7,5,,6,5,6,5,5,6,5,5,4,,5,5,5,6,6,4,7,5,5,5,6,5,5,5,7,4,5,5
Festuca rubra,,,,,,,,,,,,,,,,,,,,,,,,,,,,,,,,,,,,,,,,,,,,,,,,,,,,,,,,,,,,,,,,,,,,,,,,,,,,,,,,,,,,,,,,,,,,,,,,,,,,,,,,,,,,,,,,,,,
Filipendula vulgaris,,2,4,,,,4,2,,1,4,,,1,2,,,,4,3,,2,,3,4,2,,,3,,,2,,2,3,,2,1,5,,,,,2,1,4,1,2,5,5,,,,,,2,,4,4,3,5,,2,,2,,4,1,3,,4,,,,,,7,5,4,4,,4,4,2,4,,5,4,4,,4,,4,2,,4,,4,5,4,,3,,,2,,1,1,,,4,,4,,4
Fissidens sp.,,,,,,,,,,,,,,,,,,,,,,,,,,,,,,,,,,,,,,,,,,,,,,,,,,,,,,,,,,,,,,,,,,,,,,,,,,,,,,,,,,,,,,,,,,,,,,,,,,,,,,,,,,,,,,,,,,,
Fragaria vesca,,,,,,,,,,,,,,,,,,,,,,,,,,,,,,,,,,,,,,,,,,,,,,,,,,,,,,,,,,,,,,,,,,,,,,,,,,,,,,,,,,,,,,,,,,,,,,,,,,,,,,,,,,,,,,,,,,,
Galium album,,,,,,,,,,,,,,,,,,,,,,,,,,,,,,,,,,,,,,,,,,,,,,,,,,,,,,,,,,,,,,,,,,,,,,,,,,,,,,,,,,,,,,,,,,,,,,,,,,,,,,,,,,,,,,,,,2,,
Galium verum,,4,,,,1,1,,2,,3,1,,2,1,4,2,,,4,1,,,,,,,1,4,,1,,4,1,2,,2,,5,4,3,,,4,4,,1,4,,4,,4,4,,4,1,,4,,,,,2,4,4,2,2,,,,,,4,,,4,4,4,,4,4,4,4,4,4,2,,2,,4,,4,2,3,,2,2,,,,,3,,1,,2,2,4,5,,1,,4,1,
Gentianella amarella,,,,,,,,,,,,,,,,,,,,,,,,,,,,,,,,,,,,,,,,,,,,,,,,,,,,,,,,,,,,,,,,,,,,,,,,,,,,,,,,,,,,,,,,,,,,,,,,,,,,,,,,,,,,,,,,,,,
Helianthemum nummularium,,,,,,,,3,1,4,1,,,,,4,,2,3,,2,,,,,,,,,,,,,,,,,,,4,4,4,3,4,,,,,,,,,,,,2,5,4,,4,5,3,4,2,4,3,4,1,2,4,,,2,5,,4,4,,,,4,5,4,4,4,2,4,4,1,,2,5,4,4,4,,4,,4,,1,4,4,4,,,,,,,,,,,
Hippocrepis comosa,,,,,,,,,,,,,,,,,,,,,,,,,,,,,,,,,,,,,,,,,,,,,,,,,,,,,,,,,,,,,,,,,,,,,,,,,,,,,,,,,,,,,,,,,,,,,,,,,,,,,,,,,,,,,,,,,,,
Holcus lanatus,,,,,,,,,,,,,,,,,,,,,,,,,,,,,,,,,,,,,,,,,,,,,,,,,,,,,,,,,,,,,,,,,,,,,,,,,,,,,,,,,,,,,,,,,,,,,,,,,,,,,,,,,,,,,,,,,,,
Homalothecium lutescens,,,,,,,,,,,,,,,,,,,,,,,,,,,,,,,,,,,,,,,,,,,,,,,,,,,,,,,,,,,,,,,,,,,,,,,,,,,,,,,,,,,,,,,,,,,,,,,,,,,,,,,,,,,,,,,,,,,
Hypericum perforatum,,,,,,,,,,,,,,,,,,,,,,,,,,,,,,,,,,,,,,,,,,,,,,,,,,,,,,,,,,,,,,,,,,,,,,,,,,,,,,,,,,,,,,,,,,,,,,,,,,,,,,,,,,,,,,,,,,,
Juniperus communis,,,,,,,,,,,,,,,,,,,,,,,,,,,,,,,,,,,,,,,,,,,,,,,,,,,,,,,,,,,,,,,,,,,,,,,,,,,,,,,,,,,,,,,,,,,,,,,,,,,,,,,,,,,,,,,,,,,
Koeleria macrantha,,,4,3,,,,1,,1,1,2,,4,,,2,,,,,2,,3,2,,2,,,2,,,,2,2,3,2,2,2,,2,,,2,2,,1,,,,1,1,4,,,,,,,,,4,4,2,,1,2,,,1,,4,2,,3,4,,,4,4,4,,4,2,2,2,,,,3,2,,4,,,,4,,,,,2,2,2,3,4,,,2,2,,,4,2,
Leontodon hispidus,,4,3,4,4,4,,4,4,,3,,,,3,4,,,,,,5,,1,,,,1,,4,,5,2,,2,,2,,,,,,4,4,,,,,3,,,,,2,,,4,4,4,,2,,3,,4,,4,5,4,4,4,,2,6,,,4,4,,,,,4,4,4,4,,,5,5,4,,,,,,,,,4,,,,2,4,,,3,4,,,,,4,
Leucanthemum vulgare,,,,,,,,,,,,,,,,,,,,,,,,,,5,,,,,,,,,,,,,,,,,,,,,,,,,,,,,,,,,,,,,,,,,,,,,,1,,,,,,,,,,,,,,,,,,,,,,,,,,,,,,,,,,,,,,,,,,,
Linum catharticum,,,,,,,,1,,,,,,,,,,,,,,,,,,,2,1,,,,,,,,,,,,,,,,,,,,,,,,,,,,,,,,,,,,,,,,1,,,,,,,,,,2,,,,,,,,2,,,,,,,,,,2,,4,,,,,,,,,,,,,,,,,
Litter,,,,,,,,,,,,,,,,,,,,,,4,,,,4,,,,,,,1,,,1,,,,,,,,,,,,,,,,,,,,,,,,,,,,,,,,,,,,,,,,,,,,,,,,,,,,,,,,,,,,,,,,,,,,,,,,,,,,,,,
Lolium perenne,,,,4,1,,,,,4,4,,4,3,1,4,,4,,,,,,,,,,,,,,1,,2,,,,,1,4,,4,,2,,,,,,4,,,,,,2,2,,,,,5,,,,,1,2,2,,2,1,,5,5,4,,,,,,4,,,,,,,,,5,,4,1,5,5,,,,,,,,3,,4,4,,4,4,3,,,2,
Lotus corniculatus,4,,2,,2,2,2,,2,1,,1,,,,1,,,,,1,,4,,2,3,4,4,4,4,,1,1,2,1,,,3,,4,,2,,,,,2,,,,,,,,,,2,4,2,,,,2,4,4,2,4,1,2,4,,1,1,,,,5,4,4,4,,,,4,4,,,,1,4,,,,2,5,,4,,4,4,,,1,1,3,4,2,2,4,3,,,,2,4
Luzula campestris,,,,,,,,,,,,,,,,,,,,,,,,,,,,,,,,,,,,,,,,,,,,,,,,,,,,,,,,,,,,,,,,,,,,,,,,,,,,,,,,,,,,,,,,,,,,,,,,,,,,,,,,,,,,,,,,,,,
Medicago lupulina,,,,,,,4,,,,,,,,,,,,,,1,,4,2,4,2,,,,,,,1,,,,,,,,,,,,,,,,,,,,,,,,,,1,,,,,3,2,,2,,,,2,,,,,5,4,,,,,,4,,,,,,,,,,,2,,4,4,4,,4,,,,,,1,4,1,,,,,,,
Onobrychis viciifolia,,,1,2,,,,1,2,2,1,2,,1,2,,3,,3,,2,2,4,,4,,4,,,,,,2,,,1,4,,4,,,,,,,,2,,4,,,,,,,2,4,,1,,,,4,,4,,,,,2,,,4,5,4,,,,,,,1,,,,,,,,,,,,2,4,5,,4,,,,,,,,,,,,,,,,,
Ononis repens,,,3,,,,,,,,,,,,,,,,,,,,,,,,,,,,,2,,5,,,,,,,,,,,,,,,,,,,,,4,,,,,,,,,,,,,,,,,,,,,,,,,,,,4,,,,,,,,,,4,,,,,,,,,,,,,,1,,,,,,,2,
Ononis spinosa,,,,,,,,,,,,,,,,,,,,,,,,,,,,,,,,,,,,,,,,,,,,,,,,,,,,,,,,,,,,,,,,,,,,,,,,,,,,,5,,,4,,,,,,,,,,,,,,1,,,,,,,,,,,,,,,,,,,,,
Pastinaca sativa,,,,,,,,,,,,,,,,,,,,,,,,,,,,,,,,,,,,,,,,,,,,,,,,,,,,,,,,,,,,,,,,,,,,,,,,,,,,,,,,,,,,,,,,,,,,,,,,,,,,,,,,,,,,,,,,,,,
Phleum bertolonii,,,1,,1,,,,,,,,,,,,,,,,,,,,,,,1,,,,1,,,,,,,,,,1,,,,,,,,,,,4,2,1,,,,,,,,,,,,,,,,,,1,,,,,,,,,,,,,,,,,,2,,,,,1,,,,,,,,,,,,,,,,,,,
Picris hieracioides,,,,,,,,,,,,,,,,,,,,,,,,,,,,,,,,,,,,,,,,,,,,,,,,,,,,,,,,,,,,,,,,,,,,,,,,,,,,,,,,,,,,,,,,,,,,,,,,,,,,,,,,,,,,,,,,,,,
Pilosella officinarum,,,,,,,,,,,,,,,,,,,,,,,,,,,,,,,,,,,,,,,,,,,,,,,,,,,,,,,,,,,,,,,,,,,,,,,,,,,,,,,,,,,,,,,,,,,,,,,,,4,,,,,,,,,,,,,,,,,,
Pimpinella saxifraga,,,,1,,,,,,,,,,,,,,,,,,,,,,,,,,,,,,,,,,,,,,,,,,,,,,4,,,,,,,,,1,,,,,,,,,,,,,,,,,,,,,,,,,,,,,,,,,,,2,,,,,1,,,,,,,,,,,,,,,,
Plantago lanceolata,,2,1,3,,,2,2,,4,2,2,4,4,,2,5,2,2,4,2,4,2,2,4,,,4,,,,3,2,,1,,2,1,4,,4,4,,,,,,,,2,1,,4,,5,,4,4,4,4,4,2,4,2,4,2,4,,4,,4,3,,4,,4,,5,5,5,,5,5,,4,4,4,,2,4,4,2,2,,5,4,4,5,4,4,4,3,,4,2,3,2,,1,,,,,,3
Plantago media,,,1,,,,,4,,,,4,,,1,,,5,,,,,,5,,4,1,,,,,,,,,,,2,,,,,,,,,,,,,,,,,,5,,,,4,,,,,,3,4,,2,,,,,,4,,,4,,,,,,,,,2,,,,,2,,,5,,,4,,,3,,,,3,,,,,,,,,,
Polygala calcarea,,,,,,,,,,,,,,,,,,,,,,,,,,,,,,,,,,,,,,,,,,,,,,,,,,,,,,,,,,,,,,,,,,,,,,,,,,,,,,,,,,,,,,,,,,,,,,,,,,,,,,,,,,,,,,,,,,,
Polygala vulgaris,,,,,,,,,,,,,,,,,,,,,,,,,,,,,,,,,,,,,,,,,,,,,,,,,,,,,,,,,,,,,,,,,,,,,,,,,,,,,,,,,,,,,,,,,,,,,,,,,,,,,,,,,,,,,,,,,,,
Poterium sanguisorba,4,5,4,5,5,6,5,4,4,4,4,4,5,5,1,4,4,2,3,4,4,5,4,4,4,5,4,,,,,4,,4,1,2,,5,,5,4,4,4,5,4,5,4,4,4,,4,4,,2,4,,2,5,4,5,5,5,4,4,5,2,5,3,4,6,5,5,2,5,,5,,4,5,4,4,4,4,4,,,4,5,4,4,4,5,4,5,5,6,7,5,5,5,4,4,4,4,4,3,4,5,3,5,4,5,2,5,3
Primula veris,,,,,,,,,,,,,,,,,,,,,,,,1,,,,3,5,,,,,,2,,,,,,,,,,4,4,,,,,,,,,,5,,,,,,2,,,,5,,,3,,,3,,,,,,,,,,,,2,5,,5,,,,,,,,,,,,,,,,,,,,4,,2,2,4,,,,
Prunella vulgaris,,,,,,,,,,,,,2,,,,,,,,,,,,2,2,,,,,,,,,,,,,,,,,,,,,,,,,,,,,,,,,,,,,2,,,,,,,,,4,,,,,,,,,,,,,,,,,,,,,,,,,4,,,4,,3,,,,,,,,,,,,,
Pseudoscleropodium purum,,,,,,,,,,,,1,,,,,,,,,,,,,,,,,,,,,,,,,,1,,,,,,,,,,,,,,,,,,,,,,,,,,,,,,,,,,,,,,,,,,,,,,,,,,,,,,,,,,,,,,,1,,,,,,,,,,,,,,
Ranunculus bulbosus,1,,4,,1,,,,,,2,2,,,,2,,,,2,2,4,,,1,,,2,,,,2,,,,,,,,2,,,4,,1,,2,1,,,1,,1,,,,2,,2,2,,4,1,2,,,2,,2,,,2,2,,2,2,,,,2,,4,,,,,1,,,1,4,,2,,,,4,,,,1,,3,,,,1,2,1,,,,2,4,2
Rhytidiadelphus sp.,,,,,,,,,,,,,,,,,,,,,,,,,,1,,,,,,,,,,1,,,,,,,,,,,,,,,,,,,,,,,,,,,1,,,,,,,,,,,,,,,,,,,,,,,,,,,,,,,,,,,,,,,,,,,,,,,,,,,,
Rosa canina,,,,,,,,,,,,,,,,,,,,,,,,,,,,,,,,,,,,,,,,,,,,,,,,,,,,,,,,,,,,,,,,,,,,,,,,,,,,,,,,,,,,,,,,,,,,,,,,,,,,,,,,,,,,,,,,,,,
Rubus fructi agg,,,,,,,,,,,,,,,,,,,,,,,,,,,,,,,,,,,,,,,,,,,,,,,,,,,,,,,,,,,,,,,,,,,,,,,,,,,,,,,,,,,,,,,,,,,,,,,,,,,,,,,,,,,,,,,,,,,
Scabiosa columbaria,,8,,,,,,,,,,,,,,,,,,,,,,,,,,,,,,,4,,,,,,4,,,,,,,,,,,,,,4,,,,,,3,,,,,,4,,,5,,,4,,,,,4,4,,,,,,5,2,,,4,,1,,1,,,,5,4,5,4,,,4,,,,,,,,3,,,,,,
Schedonorus pratensis,7,,,,,,,,,,,1,,,,5,,,,,,,,,,,,,,,,,,,,,,,,,,,,,,,,,,,,,,,,,,,,,,,,,,,,,,1,1,,,,,,,,,,,4,,4,,,,,,,,,,,,2,,,,,,,,,,,,2,,,4,,,,
Senecio jacobaea,,,,,,,,,,,,,,,,,,,,,,,,,,,,,,,,,,,,,,,,,,,,,,,,,,,,,,,,,,,,,,,,,,,,,,,,,,,,,,,,,,,,,,,,,,,,,,,,,,,,,,,,,,,,,,,,,,,
Serratula tinctoria,,,,,,,,,,,,,,,,,,,,,,,,,,,,2,1,,,,5,,,,,2,,,,,,,,,,,,,,,,,,,,,,,,,,,,,,,,,,,,,,,,,,,5,,,,,,,,,,,,,,,,,,,,,,,,,,,,,,,,,,
Succisa pratensis,5,5,5,5,5,4,5,6,5,4,2,5,5,4,5,4,3,3,,4,5,6,5,6,4,6,4,,,5,5,4,4,5,2,4,5,5,5,6,5,5,,5,5,,4,5,5,,,,5,7,5,4,5,7,5,5,6,4,5,5,4,5,5,,5,5,5,6,,4,4,4,5,6,7,5,4,5,5,2,,5,,6,5,5,4,5,,5,6,5,5,6,7,,4,5,5,5,4,5,5,5,5,5,5,6,5,5,5
Taraxacum agg,,,,,,,,,,,,,,,,,,,,,,,,,,,,,,,,,,1,,,,,,,,,,,,,,,,,,,3,,,,,,,,,,,,,,,,,,,,,,,,,,,,,,,,,,,,,,,,,,,,,,,,,,,,,,,1,,,,,,,
Taxus baccata,,,,,,,,,,,,,,,,,,,,,,,,,,,,,,,,,,,,,,,,,,,,,,,,,,,,,,,,,,,,,,,,,,,,,,,,,,,,,,,,,,,,,,,,,,,,,,,,,,,,,,,,,,,,,,,,,,,
Thymus polytrichus,,,,,,,,,,,,,,,,,,,,,,,,,,,,,,,,,,,,,,,,,,,,,,,,,,,,,,,,,,,,,,,,,,,,,,,,,,,,1,,,,,,,,,,,,,,,,,2,,,,1,,1,,,,,,,,,,,,,2,,,
Trifolium pratense,,,1,,2,,2,,,,1,,,,,,3,,,,,,2,3,2,2,4,2,2,,,1,1,,,,,1,,,,,,,,,,,,,,,3,,,,,,4,4,,3,4,,2,,,,3,,,,,,4,4,5,4,4,,,4,4,,1,4,1,,,,,,,,4,,4,4,,,,,,,,,4,,,,4,3,2,2,2
Trifolium repens,,,,,,,,,,2,,1,,,,,,,,,,,,,,,,,,,,,,,,,,,,,,,,,,,,,,,,,,,,,,,,,,,,,,,,,,,,,,,,,,,,,,,,,,,,,,,,,,,,,,,,,,,,3,,1,4,,,,,,,,
Trisetum flavescens,,,,,,,,,,,,,,,,,,,,,,,,,1,,,,,,,,,,,,,,,,,,,,,,,,,,,,,,,,,,,,,,,,,,,,,,,,,,,,,,,,,,,,,,,,,,,,,,,,,,,,,,,,,,,,,,,,,,
Veronica chamaedrys,,,,,,,,,,,,,,,,,,,,,,,,,,,,,,,,,,,,,,,,,,,,,,,,,,,,,,,,,,,,,,,,,,,,,,,,,,,,,,,,,,,,,,,,,,,,,,,,,,,,,,,,,,,,,,,,,,,
Viburnum lantana,,,,,,,,,,,,,,,,,,,,,,,,,,,,,,,,,,,,,,,,,,,,,,,,,,,,,,,,,,,,,,,,,,,,,,,,,,,,,,,,,,,,,,,,,,,,,,,,,,,,,,,,,,,,,,,,,,,
Viola hirta,,2,,,,,,,,,,,,,,,,,,,,,,,,,,,,,1,,,,,,,,,1,,,,,,,,,,,,,,,,,,,,,,,,,,2,,,,,,,,,,,,,,,,,,,,,,,,,,,,,,,,,,,,,,,,,,,,,4,,,,
